Name	Time	MaxSpeed	CurrentSpeed	Shortest	Fastest	StartSmart	DynamicSmart
S-CV149-04	68355	80	80	0	0	0	0
S-CV149-09	68355	80	80	0	0	0	0
S-CV1501-04	68355	80	80	0	0	0	0
S-N340-08	68355	100	100	0	0	0	0
S-N340-06	68355	100	100	0	0	0	0
S-CV1520-01	68355	80	80	0	0	0	0
S-CV149-01	68355	80	80	0	0	0	0
S-CV1520-02	68355	80	80	0	0	0	0
S-N340-07	68355	100	100	0	0	0	0
S-CV149-10	68355	80	80	0	0	0	0
S-N340a-01	68355	100	100	0	0	0	0
S-N340-03	68355	100	100	0	0	0	0
S-CV1501-02	68355	80	80	0	0	0	0
S-CV149-03	68355	80	80	0	0	0	0
S-CV149-08	68355	80	80	0	0	0	0
S-N340a-02	68355	100	100	0	0	0	0
S-N340a-05	68355	100	100	0	0	0	0
S-N340-04	68355	100	100	0	0	0	0
S-CV197-02	68355	80	80	0	0	0	0
S-CV1520-03	68355	80	80	0	0	0	0
S-N340-05	68355	100	100	0	0	0	0
S-CV149-02	68355	80	80	0	0	0	0
S-CV149-05	68355	80	80	0	0	0	0
S-CV1501-03	68355	80	80	0	0	0	0
S-CV149-06	68355	80	80	0	0	0	0
S-N340-01	68355	100	100	0	0	0	0
S-CV197-01	68355	80	80	0	0	0	0
S-CV144-01	68355	80	80	0	0	0	0
S-CV149-07	68355	80	80	0	0	0	0
S-CV144-02	68355	80	80	0	0	0	0
S-N340a-04	68355	100	100	0	0	0	0
S-CV1501-01	68355	80	80	0	0	0	0
S-N340a-06	68355	100	100	0	0	0	0
S-N340a-03	68355	100	100	0	0	0	0
S-N340-02	68355	100	100	0	0	0	0
S-CV1520-04	68355	80	80	0	0	0	0
S-N340a-05	68370	100	100	0	0	0	0
S-N340-05	68370	100	100	0	0	0	0
S-N340a-01	68370	100	100	0	0	0	0
S-N340-01	68370	100	100	0	0	0	0
S-N340a-04	68370	100	100	0	0	0	0
S-CV149-07	68370	80	80	0	0	0	0
S-CV197-02	68370	80	80	0	0	0	0
S-N340-06	68370	100	100	0	0	0	0
S-CV1501-03	68370	80	80	0	0	0	0
S-N340-08	68370	100	100	0	0	0	0
S-CV149-03	68370	80	80	0	0	0	0
S-CV144-01	68370	80	80	0	0	0	0
S-CV1520-02	68370	80	80	0	0	0	0
S-CV149-04	68370	80	80	0	0	0	0
S-N340a-06	68370	100	100	0	0	0	0
S-CV149-10	68370	80	80	0	0	0	0
S-CV1501-02	68370	80	80	0	0	0	0
S-N340-02	68370	100	100	0	0	0	0
S-CV149-08	68370	80	80	0	0	0	0
S-CV144-02	68370	80	80	0	0	0	0
S-N340-07	68370	100	100	0	0	0	0
S-N340-03	68370	100	100	0	0	0	0
S-CV1520-01	68370	80	80	0	0	0	0
S-CV149-09	68370	80	80	0	0	0	0
S-N340a-02	68370	100	100	0	0	0	0
S-CV149-01	68370	80	80	0	0	0	0
S-CV1501-01	68370	80	80	0	0	0	0
S-N340-04	68370	100	100	0	0	0	0
S-CV149-02	68370	80	80	0	0	0	0
S-CV1520-04	68370	80	80	0	0	0	0
S-CV197-01	68370	80	80	0	0	0	0
S-CV149-05	68370	80	80	0	0	0	0
S-CV149-06	68370	80	80	0	0	0	0
S-CV1520-03	68370	80	80	0	0	0	0
S-CV1501-04	68370	80	80	0	0	0	0
S-N340a-03	68370	100	100	0	0	0	0
S-N340a-05	68385	100	100	0	0	0	0
S-N340a-01	68385	100	100	0	0	0	0
S-CV149-10	68385	80	80	0	0	0	0
S-N340a-04	68385	100	100	0	0	0	0
S-CV197-02	68385	80	80	0	0	0	0
S-CV144-01	68385	80	80	0	0	0	0
S-N340-08	68385	100	100	0	0	0	0
S-CV149-03	68385	80	80	0	0	0	0
S-CV149-08	68385	80	80	0	0	0	0
S-N340-01	68385	100	100	0	0	0	0
S-N340-02	68385	100	100	0	0	0	0
S-N340-06	68385	100	100	0	0	0	0
S-CV1520-01	68385	80	80	0	0	0	0
S-N340-07	68385	100	100	0	0	0	0
S-CV149-04	68385	80	80	0	0	0	0
S-N340-03	68385	100	100	0	0	0	0
S-CV1501-03	68385	80	80	0	0	0	0
S-CV149-07	68385	80	80	0	0	0	0
S-CV1520-02	68385	80	80	0	0	0	0
S-N340-05	68385	100	100	0	0	0	0
S-CV1501-02	68385	80	80	0	0	0	0
S-CV149-09	68385	80	80	0	0	0	0
S-N340a-06	68385	100	100	0	0	0	0
S-CV1520-04	68385	80	80	0	0	0	0
S-CV149-01	68385	80	80	0	0	0	0
S-N340a-02	68385	100	100	0	0	0	0
S-CV1501-01	68385	80	80	0	0	0	0
S-CV1520-03	68385	80	80	0	0	0	0
S-CV144-02	68385	80	80	0	0	0	0
S-CV149-06	68385	80	80	0	0	0	0
S-CV197-01	68385	80	80	0	0	0	0
S-CV1501-04	68385	80	80	0	0	0	0
S-CV149-05	68385	80	80	0	0	0	0
S-N340a-03	68385	100	100	0	0	0	0
S-N340-04	68385	100	100	0	0	0	0
S-CV149-02	68385	80	80	0	0	0	0
S-N340a-01	68400	100	100	0	0	0	0
S-N340-05	68400	100	100	0	0	0	0
S-N340a-05	68400	100	100	0	0	0	0
S-N340-01	68400	100	100	0	0	0	0
S-CV149-04	68400	80	80	0	0	0	0
S-N340a-04	68400	100	100	0	0	0	0
S-CV149-10	68400	80	80	0	0	0	0
S-CV149-07	68400	80	80	0	0	0	0
S-CV197-02	68400	80	80	0	0	0	0
S-N340-08	68400	100	100	0	0	0	0
S-CV1520-02	68400	80	80	0	0	0	0
S-CV1501-03	68400	80	80	0	0	0	0
S-CV144-01	68400	80	80	0	0	0	0
S-N340a-06	68400	100	100	0	0	0	0
S-CV149-03	68400	80	80	0	0	0	0
S-N340-02	68400	100	100	0	0	0	0
S-N340-07	68400	100	100	0	0	0	0
S-CV1501-02	68400	80	80	0	0	0	0
S-CV1520-01	68400	80	80	0	0	0	0
S-CV149-08	68400	80	80	0	0	0	0
S-N340-06	68400	100	100	0	0	0	0
S-CV149-02	68400	80	80	0	0	0	0
S-CV144-02	68400	80	80	0	0	0	0
S-N340-03	68400	100	100	0	0	0	0
S-CV1520-04	68400	80	80	0	0	0	0
S-CV1501-01	68400	80	80	0	0	0	0
S-CV149-09	68400	80	80	0	0	0	0
S-N340a-02	68400	100	100	0	0	0	0
S-N340-04	68400	100	100	0	0	0	0
S-CV149-01	68400	80	80	0	0	0	0
S-CV197-01	68400	80	80	0	0	0	0
S-CV149-06	68400	80	80	0	0	0	0
S-CV1520-03	68400	80	80	0	0	0	0
S-CV1501-04	68400	80	80	0	0	0	0
S-N340a-03	68400	100	100	0	0	0	0
S-CV149-05	68400	80	80	0	0	0	0
S-CV197-02	68415	80	80	0	0	0	0
S-N340-05	68415	100	100	0	0	0	0
S-N340-01	68415	100	100	0	0	0	0
S-N340a-01	68415	100	100	0	0	0	0
S-CV149-10	68415	80	80	0	0	0	0
S-N340a-05	68415	100	100	0	0	0	0
S-CV149-04	68415	80	80	0	0	0	0
S-CV149-07	68415	80	80	0	0	0	0
S-N340-06	68415	100	100	0	0	0	0
S-N340a-04	68415	100	100	0	0	0	0
S-N340-02	68415	100	100	0	0	0	0
S-N340-08	68415	100	100	0	0	0	0
S-CV1520-02	68415	80	80	0	0	0	0
S-CV144-01	68415	80	80	0	0	0	0
S-N340-07	68415	100	100	0	0	0	0
S-CV149-08	68415	80	80	0	0	0	0
S-CV149-03	68415	80	80	0	0	0	0
S-N340-03	68415	100	100	0	0	0	0
S-CV149-02	68415	80	80	0	0	0	0
S-CV1520-01	68415	80	80	0	0	0	0
S-CV149-09	68415	80	80	0	0	0	0
S-N340a-02	68415	100	100	0	0	0	0
S-CV149-01	68415	80	80	0	0	0	0
S-N340-04	68415	100	100	0	0	0	0
S-CV1501-03	68415	80	80	0	0	0	0
S-CV1501-01	68415	80	80	0	0	0	0
S-CV149-06	68415	80	80	0	0	0	0
S-CV1501-04	68415	80	80	0	0	0	0
S-CV1520-03	68415	80	80	0	0	0	0
S-N340a-06	68415	100	100	0	0	0	0
S-N340a-03	68415	100	100	0	0	0	0
S-CV1501-02	68415	80	80	0	0	0	0
S-CV1520-04	68415	80	80	0	0	0	0
S-CV144-02	68415	80	80	0	0	0	0
S-CV197-01	68415	80	80	0	0	0	0
S-CV149-05	68415	80	80	0	0	0	0
S-N340a-05	68430	100	100	0	0	0	0
S-CV149-10	68430	80	80	0	0	0	0
S-N340-01	68430	100	100	0	0	0	0
S-N340a-04	68430	100	100	0	0	0	0
S-CV149-04	68430	80	80	0	0	0	0
S-N340-05	68430	100	100	0	0	0	0
S-N340-08	68430	100	100	0	0	0	0
S-CV1501-03	68430	80	80	0	0	0	0
S-N340a-06	68430	100	100	0	0	0	0
S-CV149-08	68430	80	80	0	0	0	1
S-N340a-01	68430	100	100	0	0	0	3
S-CV1520-02	68430	80	80	0	0	0	0
S-CV1501-02	68430	80	80	0	0	0	0
S-CV144-01	68430	80	80	0	0	0	0
S-CV1520-04	68430	80	80	0	0	0	0
S-CV144-02	68430	80	80	0	0	0	0
S-CV149-03	68430	80	80	0	0	0	0
S-N340-06	68430	100	100	0	0	0	1
S-CV1520-01	68430	80	80	0	0	0	0
S-CV149-02	68430	80	80	0	0	0	0
S-N340-03	68430	100	100	0	0	0	0
S-CV197-02	68430	80	80	0	0	0	0
S-CV1501-01	68430	80	80	0	0	0	0
S-N340-04	68430	100	100	0	0	0	0
S-CV149-07	68430	80	80	0	0	0	0
S-N340-02	68430	100	100	0	0	0	0
S-N340-07	68430	100	100	0	0	0	0
S-CV197-01	68430	80	80	0	0	0	0
S-CV149-05	68430	80	80	0	0	0	0
S-N340a-02	68430	100	100	0	0	0	0
S-CV149-09	68430	80	80	0	0	0	1
S-CV1520-03	68430	80	80	0	0	0	1
S-CV149-01	68430	80	80	0	0	0	0
S-N340a-03	68430	100	100	0	0	0	0
S-CV149-06	68430	80	80	0	0	0	0
S-CV1501-04	68430	80	80	0	0	0	0
S-N340a-05	68445	100	100	0	0	0	0
S-N340-01	68445	100	100	0	0	0	3
S-CV149-04	68445	80	80	0	0	0	0
S-N340-06	68445	100	100	0	0	0	4
S-N340-07	68445	100	100	0	0	0	0
S-CV149-07	68445	80	80	0	0	0	0
S-CV1501-02	68445	80	80	0	0	0	0
S-CV149-10	68445	80	80	0	0	0	0
S-CV1520-04	68445	80	80	0	0	0	0
S-CV149-09	68445	80	76	0	0	0	3
S-CV1520-01	68445	80	80	0	0	0	0
S-N340a-02	68445	100	100	0	0	0	0
S-N340a-01	68445	100	100	0	0	0	4
S-CV149-01	68445	80	80	0	0	0	0
S-CV149-06	68445	80	80	0	0	0	0
S-CV1501-04	68445	80	80	0	0	0	0
S-CV197-02	68445	80	80	0	0	0	0
S-N340-05	68445	100	100	0	0	0	0
S-N340-08	68445	100	100	0	0	0	2
S-N340-02	68445	100	100	0	0	0	0
S-CV1520-02	68445	80	80	0	0	0	0
S-CV1501-03	68445	80	80	0	0	0	0
S-CV1501-01	68445	80	80	0	0	0	0
S-N340-03	68445	100	100	0	0	0	0
S-N340a-06	68445	100	100	0	0	0	0
S-N340-04	68445	100	100	0	0	0	0
S-N340a-04	68445	100	100	0	0	0	0
S-CV144-01	68445	80	80	0	0	0	0
S-CV149-03	68445	80	80	0	0	0	0
S-CV144-02	68445	80	80	0	0	0	0
S-N340a-03	68445	100	100	0	0	0	0
S-CV1520-03	68445	80	80	0	0	0	3
S-CV197-01	68445	80	80	0	0	0	0
S-CV149-02	68445	80	80	0	0	0	0
S-CV149-08	68445	80	80	0	0	0	4
S-CV149-05	68445	80	80	0	0	0	0
S-N340a-05	68460	100	100	0	0	0	0
S-N340-01	68460	100	100	0	0	0	3
S-CV149-10	68460	80	80	0	0	0	0
S-CV1501-02	68460	80	80	0	0	0	0
S-CV149-07	68460	80	80	0	0	0	0
S-CV1520-01	68460	80	80	0	0	0	0
S-CV1501-01	68460	80	80	0	0	0	0
S-N340-07	68460	100	100	0	0	0	0
S-CV149-04	68460	80	80	0	0	0	0
S-N340-04	68460	100	100	0	0	0	0
S-N340-08	68460	100	100	0	0	0	2
S-CV1520-04	68460	80	80	0	0	0	0
S-CV149-09	68460	80	80	0	0	0	0
S-N340a-04	68460	100	100	0	0	0	0
S-N340a-02	68460	100	100	0	0	0	0
S-CV144-01	68460	80	80	0	0	0	0
S-CV149-06	68460	80	80	0	0	0	0
S-CV149-01	68460	80	80	0	0	0	0
S-CV149-03	68460	80	80	0	0	0	0
S-CV1501-04	68460	80	80	0	0	0	0
S-CV197-02	68460	80	80	0	0	0	0
S-N340-06	68460	100	100	0	0	0	7
S-N340-02	68460	100	100	0	0	0	0
S-CV149-02	68460	80	80	0	0	0	0
S-N340-03	68460	100	100	0	0	0	0
S-N340-05	68460	100	100	0	0	0	0
S-CV149-08	68460	80	80	0	0	0	4
S-CV1520-03	68460	80	80	0	0	0	3
S-N340a-03	68460	100	100	0	0	0	0
S-CV1501-03	68460	80	80	0	0	0	0
S-CV1520-02	68460	80	80	0	0	0	0
S-N340a-06	68460	100	100	0	0	0	0
S-CV144-02	68460	80	80	0	0	0	0
S-CV197-01	68460	80	80	0	0	0	0
S-CV149-05	68460	80	80	0	0	0	0
S-N340a-01	68460	100	100	0	0	0	4
S-CV149-04	68475	80	80	0	0	0	0
S-CV149-07	68475	80	80	0	0	0	0
S-N340-06	68475	100	100	0	0	0	7
S-N340a-05	68475	100	100	0	0	0	0
S-N340-01	68475	100	100	0	0	0	4
S-CV1501-02	68475	80	80	0	0	0	0
S-CV149-10	68475	80	80	0	0	0	0
S-CV1520-04	68475	80	80	0	0	0	0
S-CV149-09	68475	80	80	0	0	0	1
S-N340-04	68475	100	100	0	0	0	0
S-CV1520-01	68475	80	80	0	0	0	0
S-N340-07	68475	100	100	0	0	0	0
S-N340a-02	68475	100	100	0	0	0	0
S-CV149-01	68475	80	80	0	0	0	0
S-CV149-06	68475	80	80	0	0	0	0
S-CV1501-01	68475	80	80	0	0	0	0
S-N340a-01	68475	100	100	0	0	0	6
S-N340-05	68475	100	100	0	0	0	0
S-CV1501-04	68475	80	80	0	0	0	0
S-N340-08	68475	100	100	0	0	0	3
S-CV197-02	68475	80	80	0	0	0	0
S-CV144-01	68475	80	80	0	0	0	0
S-N340a-04	68475	100	100	0	0	0	0
S-CV149-03	68475	80	80	0	0	0	0
S-N340-02	68475	100	100	0	0	0	0
S-CV149-08	68475	80	80	0	0	0	4
S-CV1520-02	68475	80	80	0	0	0	0
S-N340a-06	68475	100	100	0	0	0	0
S-CV1501-03	68475	80	80	0	0	0	0
S-N340-03	68475	100	100	0	0	0	0
S-CV149-02	68475	80	80	0	0	0	0
S-CV144-02	68475	80	80	0	0	0	0
S-CV197-01	68475	80	80	0	0	0	0
S-CV1520-03	68475	80	80	0	0	0	4
S-CV149-05	68475	80	80	0	0	0	0
S-N340a-03	68475	100	100	0	0	0	0
S-N340-01	68490	100	100	0	0	0	6
S-CV149-07	68490	80	80	0	0	0	0
S-N340a-05	68490	100	100	0	0	0	0
S-CV149-10	68490	80	80	0	0	0	0
S-N340-06	68490	100	100	0	0	0	13
S-CV149-04	68490	80	80	0	0	0	0
S-CV1520-01	68490	80	80	0	0	0	0
S-N340-07	68490	100	100	0	0	0	0
S-N340a-01	68490	100	100	0	0	0	5
S-N340a-02	68490	100	100	0	0	0	0
S-CV1501-01	68490	80	80	0	0	0	0
S-CV1520-04	68490	80	80	0	0	0	0
S-N340-04	68490	100	100	0	0	0	0
S-CV1501-02	68490	80	80	0	0	0	0
S-CV149-01	68490	80	80	0	0	0	0
S-N340-08	68490	100	100	0	0	0	4
S-CV149-06	68490	80	80	0	0	0	0
S-N340a-04	68490	100	100	0	0	0	0
S-CV1501-04	68490	80	80	0	0	0	0
S-CV144-01	68490	80	80	0	0	0	0
S-CV197-02	68490	80	80	0	0	0	0
S-CV149-03	68490	80	80	0	0	0	0
S-N340-02	68490	100	100	0	0	0	0
S-CV149-08	68490	80	80	0	0	0	7
S-CV149-09	68490	80	52	0	0	0	7
S-CV149-02	68490	80	80	0	0	0	0
S-N340-03	68490	100	100	0	0	0	0
S-CV1520-02	68490	80	80	0	0	0	0
S-N340a-06	68490	100	100	0	0	0	0
S-CV144-02	68490	80	80	0	0	0	0
S-N340a-03	68490	100	100	0	0	0	3
S-CV197-01	68490	80	80	0	0	0	0
S-CV1520-03	68490	80	80	0	0	0	7
S-N340-05	68490	100	100	0	0	0	0
S-CV149-05	68490	80	80	0	0	0	0
S-CV1501-03	68490	80	80	0	0	0	1
S-N340-01	68505	100	100	0	0	0	6
S-CV149-10	68505	80	80	0	0	0	0
S-CV149-04	68505	80	80	0	0	0	0
S-N340a-05	68505	100	100	0	0	0	0
S-N340-06	68505	100	100	0	0	0	15
S-CV149-07	68505	80	80	0	0	0	0
S-CV149-09	68505	80	52	0	0	0	7
S-CV1520-01	68505	80	80	0	0	0	0
S-CV1501-01	68505	80	80	0	0	0	0
S-N340-04	68505	100	100	0	0	0	0
S-N340-07	68505	100	100	0	0	0	0
S-CV1501-02	68505	80	80	0	0	0	0
S-CV1520-04	68505	80	80	0	0	0	0
S-CV149-01	68505	80	80	0	0	0	0
S-CV149-06	68505	80	80	0	0	0	0
S-N340a-02	68505	100	100	0	0	0	0
S-N340a-01	68505	100	100	0	0	0	5
S-CV1501-04	68505	80	80	0	0	0	0
S-N340-08	68505	100	100	0	0	0	4
S-CV197-02	68505	80	80	0	0	0	0
S-N340-05	68505	100	100	0	0	0	0
S-N340a-04	68505	100	100	0	0	0	0
S-CV1501-03	68505	80	80	0	0	0	0
S-CV1520-02	68505	80	80	0	0	0	0
S-CV149-08	68505	80	80	0	0	0	3
S-N340a-03	68505	100	100	0	0	0	3
S-CV144-02	68505	80	80	0	0	0	4
S-CV1520-03	68505	80	80	0	0	0	7
S-CV144-01	68505	80	80	0	0	0	0
S-N340-02	68505	100	100	0	0	0	0
S-N340a-06	68505	100	100	0	0	0	0
S-CV149-03	68505	80	80	0	0	0	0
S-N340-03	68505	100	100	0	0	0	0
S-CV197-01	68505	80	80	0	0	0	0
S-CV149-02	68505	80	80	0	0	0	0
S-CV149-05	68505	80	80	0	0	0	0
S-N340a-05	68520	100	100	0	0	0	0
S-N340-01	68520	100	100	0	0	0	6
S-CV149-07	68520	80	80	0	0	0	0
S-CV149-04	68520	80	80	0	0	0	0
S-CV149-10	68520	80	80	0	0	0	0
S-N340-06	68520	100	100	0	0	0	15
S-CV1501-02	68520	80	80	0	0	0	0
S-CV1520-04	68520	80	80	0	0	0	0
S-N340-07	68520	100	100	0	0	0	0
S-CV1520-01	68520	80	80	0	0	0	0
S-CV1501-01	68520	80	80	0	0	0	0
S-CV149-09	68520	80	52	0	0	0	7
S-N340a-02	68520	100	100	0	0	0	0
S-CV149-01	68520	80	80	0	0	0	0
S-N340-04	68520	100	100	0	0	0	0
S-CV149-06	68520	80	80	0	0	0	0
S-N340a-01	68520	100	100	0	0	0	4
S-N340-08	68520	100	100	0	0	0	4
S-CV149-08	68520	80	80	0	0	0	3
S-CV1501-04	68520	80	80	0	0	0	0
S-CV144-01	68520	80	80	0	0	0	0
S-N340a-04	68520	100	100	0	0	0	0
S-CV149-03	68520	80	80	0	0	0	0
S-CV1520-02	68520	80	80	0	0	0	0
S-N340a-06	68520	100	100	0	0	0	0
S-CV1501-03	68520	80	80	0	0	0	0
S-N340-02	68520	100	100	0	0	0	0
S-CV197-02	68520	80	80	0	0	0	0
S-N340-05	68520	100	100	0	0	0	0
S-CV144-02	68520	80	80	0	0	0	4
S-CV197-01	68520	80	80	0	0	0	0
S-CV1520-03	68520	80	80	0	0	0	7
S-N340a-03	68520	100	100	0	0	0	4
S-CV149-05	68520	80	80	0	0	0	0
S-N340-03	68520	100	100	0	0	0	0
S-CV149-02	68520	80	80	0	0	0	0
S-N340-01	68535	100	100	0	0	0	7
S-CV149-07	68535	80	80	0	0	0	0
S-N340a-05	68535	100	100	0	0	0	3
S-N340-06	68535	100	95	0	0	0	20
S-CV149-06	68535	80	80	0	0	0	5
S-CV1501-02	68535	80	80	0	0	0	0
S-CV1520-01	68535	80	80	0	0	0	0
S-CV1501-01	68535	80	80	0	0	0	0
S-CV149-01	68535	80	80	0	0	0	0
S-N340-07	68535	100	100	0	0	0	0
S-N340a-01	68535	100	100	0	0	0	8
S-CV197-02	68535	80	80	0	0	0	2
S-CV1520-02	68535	80	80	0	0	0	0
S-CV1520-03	68535	80	80	0	0	0	5
S-N340-08	68535	100	100	0	0	0	10
S-N340a-06	68535	100	100	0	0	0	0
S-N340-02	68535	100	100	0	0	0	0
S-CV149-05	68535	80	80	0	0	0	0
S-CV149-04	68535	80	80	0	0	0	0
S-N340-03	68535	100	100	0	0	0	0
S-CV197-01	68535	80	80	0	0	0	0
S-N340-04	68535	100	100	0	0	0	0
S-CV1520-04	68535	80	80	0	0	0	0
S-CV149-09	68535	80	64	0	0	0	5
S-CV149-10	68535	80	80	0	0	0	0
S-N340-05	68535	100	100	0	0	0	0
S-CV149-08	68535	80	80	0	0	0	6
S-CV1501-03	68535	80	80	0	0	0	0
S-N340a-02	68535	100	100	0	0	0	0
S-CV1501-04	68535	80	80	0	0	0	0
S-N340a-04	68535	100	100	0	0	0	0
S-CV144-01	68535	80	80	0	0	0	0
S-CV149-03	68535	80	80	0	0	0	0
S-CV149-02	68535	80	80	0	0	0	0
S-CV144-02	68535	80	80	0	0	0	4
S-N340a-03	68535	100	100	0	0	0	1
S-N340a-05	68550	100	100	0	0	0	4
S-N340-06	68550	100	95	0	0	0	27
S-CV149-07	68550	80	80	0	0	0	0
S-N340-01	68550	100	100	0	0	0	7
S-CV1501-02	68550	80	80	0	0	0	0
S-CV1501-01	68550	80	80	0	0	0	0
S-N340-07	68550	100	100	0	0	0	0
S-CV149-01	68550	80	80	0	0	0	0
S-CV1520-01	68550	80	80	0	0	0	0
S-CV149-06	68550	80	80	0	0	0	5
S-N340a-01	68550	100	100	0	0	0	9
S-N340-08	68550	100	100	0	0	0	7
S-N340a-06	68550	100	100	0	0	0	1
S-CV197-02	68550	80	80	0	0	0	0
S-CV1520-02	68550	80	80	0	0	0	0
S-N340-02	68550	100	100	0	0	0	0
S-N340-03	68550	100	100	0	0	0	0
S-CV197-01	68550	80	80	0	0	0	0
S-CV149-05	68550	80	80	0	0	0	0
S-CV1520-03	68550	80	80	0	0	0	5
S-CV149-10	68550	80	80	0	0	0	0
S-CV1520-04	68550	80	80	0	0	0	0
S-CV149-04	68550	80	80	0	0	0	0
S-N340-04	68550	100	100	0	0	0	0
S-CV149-09	68550	80	80	0	0	0	0
S-N340-05	68550	100	100	0	0	0	0
S-N340a-02	68550	100	100	0	0	0	0
S-CV1501-04	68550	80	80	0	0	0	0
S-N340a-04	68550	100	100	0	0	0	0
S-CV1501-03	68550	80	80	0	0	0	0
S-CV144-01	68550	80	80	0	0	0	0
S-CV149-03	68550	80	80	0	0	0	0
S-CV149-02	68550	80	80	0	0	0	0
S-CV144-02	68550	80	80	0	0	0	4
S-CV149-08	68550	80	80	0	0	0	6
S-N340a-03	68550	100	100	0	0	0	1
S-CV149-07	68565	80	80	0	0	0	0
S-N340a-05	68565	100	100	0	0	0	1
S-N340-01	68565	100	100	0	0	0	7
S-N340-06	68565	100	95	0	0	0	28
S-CV1520-01	68565	80	80	0	0	0	0
S-N340-07	68565	100	100	0	0	0	0
S-CV1501-02	68565	80	80	0	0	0	0
S-CV1501-01	68565	80	80	0	0	0	0
S-CV149-01	68565	80	80	0	0	0	0
S-CV149-06	68565	80	80	0	0	0	5
S-N340a-01	68565	100	100	0	0	0	7
S-CV197-02	68565	80	80	0	0	0	0
S-CV1520-02	68565	80	80	0	0	0	0
S-N340-03	68565	100	100	0	0	0	0
S-N340-02	68565	100	100	0	0	0	0
S-N340a-06	68565	100	100	0	0	0	1
S-N340-08	68565	100	100	0	0	0	6
S-CV197-01	68565	80	80	0	0	0	0
S-CV149-05	68565	80	80	0	0	0	0
S-CV149-04	68565	80	80	0	0	0	0
S-CV1520-03	68565	80	80	0	0	0	5
S-CV149-10	68565	80	80	0	0	0	0
S-CV1520-04	68565	80	80	0	0	0	0
S-N340a-02	68565	100	100	0	0	0	0
S-CV149-09	68565	80	80	0	0	0	0
S-N340-05	68565	100	100	0	0	0	2
S-CV1501-04	68565	80	80	0	0	0	0
S-N340-04	68565	100	100	0	0	0	0
S-CV1501-03	68565	80	80	0	0	0	0
S-N340a-04	68565	100	100	0	0	0	0
S-CV144-01	68565	80	80	0	0	0	1
S-CV144-02	68565	80	80	0	0	0	7
S-N340a-03	68565	100	100	0	0	0	3
S-CV149-08	68565	80	80	0	0	0	3
S-CV149-03	68565	80	80	0	0	0	0
S-CV149-02	68565	80	80	0	0	0	0
S-N340-06	68580	100	95	0	0	0	26
S-N340a-05	68580	100	100	0	0	0	1
S-CV149-07	68580	80	80	0	0	0	0
S-N340-01	68580	100	100	0	0	0	7
S-CV1520-01	68580	80	80	0	0	0	0
S-CV149-06	68580	80	80	0	0	0	5
S-N340-08	68580	100	100	0	0	0	6
S-CV1501-02	68580	80	80	0	0	0	0
S-CV1501-01	68580	80	80	0	0	0	0
S-CV149-01	68580	80	80	0	0	0	0
S-CV197-02	68580	80	80	0	0	0	0
S-CV1520-02	68580	80	80	0	0	0	0
S-N340-07	68580	100	100	0	0	0	0
S-N340a-01	68580	100	100	0	0	0	6
S-N340a-06	68580	100	100	0	0	0	2
S-N340-02	68580	100	100	0	0	0	1
S-CV1520-03	68580	80	80	0	0	0	5
S-N340-03	68580	100	100	0	0	0	0
S-CV197-01	68580	80	80	0	0	0	0
S-CV149-05	68580	80	80	0	0	0	0
S-CV149-04	68580	80	80	0	0	0	0
S-CV1520-04	68580	80	80	0	0	0	0
S-CV149-10	68580	80	80	0	0	0	0
S-CV1501-04	68580	80	80	0	0	0	0
S-CV1501-03	68580	80	80	0	0	0	0
S-CV149-08	68580	80	80	0	0	0	3
S-CV144-01	68580	80	80	0	0	0	1
S-N340-05	68580	100	100	0	0	0	2
S-N340a-04	68580	100	100	0	0	0	0
S-CV149-03	68580	80	80	0	0	0	0
S-CV149-02	68580	80	80	0	0	0	0
S-CV144-02	68580	80	80	0	0	0	7
S-N340a-03	68580	100	100	0	0	0	4
S-N340a-02	68580	100	100	0	0	0	0
S-CV149-09	68580	80	80	0	0	0	0
S-N340-04	68580	100	100	0	0	0	0
S-N340a-05	68595	100	100	0	0	0	1
S-N340-06	68595	100	95	0	0	0	26
S-CV149-07	68595	80	80	0	0	0	0
S-N340-01	68595	100	100	0	0	0	11
S-CV1520-01	68595	80	80	0	0	0	0
S-N340-07	68595	100	100	0	0	0	0
S-CV149-01	68595	80	80	0	0	0	0
S-CV1501-02	68595	80	80	0	0	0	0
S-CV1501-01	68595	80	80	0	0	0	0
S-CV149-06	68595	80	80	0	0	0	8
S-CV197-02	68595	80	76	0	0	0	3
S-N340a-01	68595	100	95	0	0	0	14
S-N340-08	68595	100	100	0	0	0	8
S-N340a-06	68595	100	100	0	0	0	4
S-CV1520-02	68595	80	80	0	0	0	0
S-N340-02	68595	100	100	0	0	0	1
S-N340-03	68595	100	100	0	0	0	0
S-CV149-05	68595	80	80	0	0	0	0
S-CV197-01	68595	80	80	0	0	0	0
S-CV1520-03	68595	80	80	0	0	0	3
S-CV149-04	68595	80	80	0	0	0	0
S-CV149-10	68595	80	80	0	0	0	0
S-CV1520-04	68595	80	80	0	0	0	0
S-N340-04	68595	100	100	0	0	0	0
S-CV149-09	68595	80	64	0	0	0	5
S-CV1501-04	68595	80	80	0	0	0	0
S-N340a-02	68595	100	100	0	0	0	0
S-N340-05	68595	100	100	0	0	0	3
S-N340a-04	68595	100	100	0	0	0	0
S-CV149-03	68595	80	80	0	0	0	0
S-CV1501-03	68595	80	80	0	0	0	0
S-CV144-01	68595	80	80	0	0	0	1
S-CV149-08	68595	80	80	0	0	0	7
S-CV149-02	68595	80	80	0	0	0	0
S-N340a-03	68595	100	100	0	0	0	3
S-CV144-02	68595	80	80	0	0	0	6
S-N340-01	68610	100	100	0	0	0	11
S-N340a-05	68610	100	100	0	0	0	3
S-CV149-07	68610	80	80	0	0	0	0
S-N340-06	68610	100	95	0	0	0	27
S-CV1501-02	68610	80	80	0	0	0	0
S-CV1520-01	68610	80	80	0	0	0	0
S-N340-07	68610	100	100	0	0	0	0
S-CV149-06	68610	80	80	0	0	0	8
S-N340a-01	68610	100	95	0	0	0	17
S-CV149-01	68610	80	80	0	0	0	0
S-CV1501-01	68610	80	80	0	0	0	0
S-N340-08	68610	100	100	0	0	0	3
S-N340a-06	68610	100	95	0	0	0	5
S-CV1520-02	68610	80	80	0	0	0	0
S-CV197-02	68610	80	80	0	0	0	0
S-N340-02	68610	100	100	0	0	0	1
S-CV149-05	68610	80	80	0	0	0	0
S-CV197-01	68610	80	80	0	0	0	0
S-CV1520-03	68610	80	80	0	0	0	3
S-CV149-04	68610	80	80	0	0	0	0
S-N340-04	68610	100	100	0	0	0	6
S-N340-03	68610	100	100	0	0	0	0
S-CV144-02	68610	80	80	0	0	0	3
S-CV1520-04	68610	80	80	0	0	0	0
S-CV1501-03	68610	80	80	0	0	0	0
S-N340a-02	68610	100	100	0	0	0	0
S-CV1501-04	68610	80	80	0	0	0	0
S-CV149-10	68610	80	80	0	0	0	0
S-CV149-08	68610	80	80	0	0	0	7
S-N340a-04	68610	100	100	0	0	0	0
S-CV149-03	68610	80	80	0	0	0	0
S-CV144-01	68610	80	80	0	0	0	1
S-CV149-02	68610	80	80	0	0	0	0
S-N340-05	68610	100	100	0	0	0	3
S-CV149-09	68610	80	64	0	0	0	5
S-N340a-03	68610	100	100	0	0	0	1
S-N340-01	68625	100	100	0	0	0	9
S-N340a-05	68625	100	95	0	0	0	5
S-CV149-07	68625	80	80	0	0	0	0
S-N340-06	68625	100	80	0	0	0	32
S-CV1520-01	68625	80	80	0	0	0	0
S-CV1501-02	68625	80	80	0	0	0	0
S-CV1501-01	68625	80	80	0	0	0	0
S-CV149-06	68625	80	80	0	0	0	8
S-N340a-01	68625	100	95	0	0	0	15
S-N340-07	68625	100	100	0	0	0	0
S-CV149-01	68625	80	80	0	0	0	0
S-CV197-02	68625	80	80	0	0	0	0
S-CV1520-02	68625	80	80	0	0	0	0
S-N340a-06	68625	100	100	0	0	0	3
S-N340-08	68625	100	100	0	0	0	2
S-N340-02	68625	100	100	0	0	0	1
S-N340-03	68625	100	100	0	0	0	0
S-CV1520-03	68625	80	80	0	0	0	3
S-CV149-05	68625	80	80	0	0	0	0
S-CV149-10	68625	80	80	0	0	0	0
S-CV197-01	68625	80	80	0	0	0	0
S-CV149-04	68625	80	80	0	0	0	0
S-CV1520-04	68625	80	80	0	0	0	0
S-CV149-09	68625	80	80	0	0	0	0
S-N340a-02	68625	100	100	0	0	0	0
S-N340-04	68625	100	95	0	0	0	7
S-N340a-04	68625	100	100	0	0	0	2
S-CV1501-04	68625	80	80	0	0	0	0
S-CV144-01	68625	80	80	0	0	0	1
S-CV149-03	68625	80	80	0	0	0	0
S-CV1501-03	68625	80	80	0	0	0	0
S-N340-05	68625	100	100	0	0	0	4
S-CV149-08	68625	80	80	0	0	0	4
S-CV149-02	68625	80	80	0	0	0	1
S-CV144-02	68625	80	80	0	0	0	5
S-N340a-03	68625	100	100	0	0	0	2
S-N340a-05	68640	100	100	0	0	0	3
S-N340-06	68640	100	95	0	0	0	30
S-N340-01	68640	100	100	0	0	0	9
S-CV1501-02	68640	80	80	0	0	0	0
S-CV149-07	68640	80	80	0	0	0	0
S-CV1520-01	68640	80	80	0	0	0	0
S-N340-07	68640	100	100	0	0	0	0
S-N340a-01	68640	100	100	0	0	0	12
S-CV197-02	68640	80	80	0	0	0	0
S-CV149-06	68640	80	80	0	0	0	3
S-CV1501-01	68640	80	80	0	0	0	0
S-CV149-01	68640	80	80	0	0	0	0
S-N340-02	68640	100	100	0	0	0	2
S-N340a-06	68640	100	100	0	0	0	2
S-CV1520-02	68640	80	80	0	0	0	0
S-N340-03	68640	100	100	0	0	0	1
S-N340-08	68640	100	100	0	0	0	2
S-CV1520-03	68640	80	80	0	0	0	3
S-CV197-01	68640	80	80	0	0	0	0
S-CV149-05	68640	80	80	0	0	0	0
S-CV149-04	68640	80	80	0	0	0	0
S-N340-04	68640	100	95	0	0	0	7
S-CV149-10	68640	80	80	0	0	0	0
S-N340-05	68640	100	100	0	0	0	5
S-N340a-04	68640	100	100	0	0	0	4
S-CV144-01	68640	80	80	0	0	0	1
S-CV149-08	68640	80	80	0	0	0	4
S-N340a-02	68640	100	100	0	0	0	0
S-CV149-02	68640	80	80	0	0	0	2
S-N340a-03	68640	100	100	0	0	0	5
S-CV149-03	68640	80	80	0	0	0	0
S-CV144-02	68640	80	80	0	0	0	9
S-CV149-09	68640	80	80	0	0	0	0
S-CV1501-04	68640	80	80	0	0	0	0
S-CV1520-04	68640	80	80	0	0	0	0
S-CV1501-03	68640	80	80	0	0	0	0
S-N340-01	68655	100	100	0	0	0	10
S-CV149-07	68655	80	80	0	0	0	1
S-CV1520-01	68655	80	80	0	0	0	2
S-CV1501-02	68655	80	80	0	0	0	0
S-N340-06	68655	100	80	0	0	0	32
S-N340a-05	68655	100	100	0	0	0	1
S-N340-07	68655	100	100	0	0	0	0
S-CV1501-01	68655	80	80	0	0	0	0
S-CV197-02	68655	80	80	0	0	0	2
S-CV149-06	68655	80	80	0	0	0	11
S-N340a-01	68655	100	95	0	0	0	14
S-N340-08	68655	100	100	0	0	0	7
S-CV1520-02	68655	80	80	0	0	0	0
S-CV149-01	68655	80	80	0	0	0	1
S-N340a-06	68655	100	100	0	0	0	4
S-N340-02	68655	100	100	0	0	0	3
S-N340-03	68655	100	100	0	0	0	2
S-CV1520-03	68655	80	80	0	0	0	2
S-CV149-05	68655	80	80	0	0	0	0
S-CV197-01	68655	80	80	0	0	0	1
S-CV149-04	68655	80	80	0	0	0	4
S-CV149-10	68655	80	80	0	0	0	0
S-CV1520-04	68655	80	80	0	0	0	0
S-N340a-02	68655	100	100	0	0	0	1
S-CV149-09	68655	80	80	0	0	0	0
S-N340-04	68655	100	100	0	0	0	2
S-CV1501-04	68655	80	80	0	0	0	0
S-N340a-04	68655	100	95	0	0	0	8
S-N340-05	68655	100	100	0	0	0	8
S-CV144-02	68655	80	80	0	0	0	9
S-CV149-02	68655	80	80	0	0	0	2
S-CV149-08	68655	80	80	0	0	0	5
S-CV144-01	68655	80	80	0	0	0	0
S-CV149-03	68655	80	80	0	0	0	0
S-N340a-03	68655	100	100	0	0	0	6
S-CV1501-03	68655	80	80	0	0	0	0
S-N340a-05	68670	100	100	0	0	0	0
S-N340-01	68670	100	100	0	0	0	10
S-CV149-07	68670	80	80	0	0	0	1
S-N340-06	68670	100	80	0	0	0	33
S-CV1520-01	68670	80	80	0	0	0	2
S-CV149-01	68670	80	80	0	0	0	2
S-N340-07	68670	100	100	0	0	0	0
S-CV1501-01	68670	80	80	0	0	0	0
S-CV1501-02	68670	80	80	0	0	0	0
S-CV149-06	68670	80	80	0	0	0	11
S-N340a-01	68670	100	95	0	0	0	16
S-CV197-02	68670	80	80	0	0	0	0
S-CV1520-02	68670	80	80	0	0	0	0
S-N340-08	68670	100	100	0	0	0	5
S-N340a-06	68670	100	95	0	0	0	7
S-N340-02	68670	100	100	0	0	0	5
S-N340-03	68670	100	100	0	0	0	4
S-CV197-01	68670	80	80	0	0	0	0
S-CV1520-03	68670	80	80	0	0	0	2
S-CV149-05	68670	80	80	0	0	0	0
S-CV1520-04	68670	80	80	0	0	0	0
S-CV149-10	68670	80	80	0	0	0	0
S-CV149-04	68670	80	80	0	0	0	4
S-N340-04	68670	100	100	0	0	0	0
S-N340a-02	68670	100	100	0	0	0	2
S-CV149-09	68670	80	80	0	0	0	0
S-N340-05	68670	100	100	0	0	0	8
S-N340a-04	68670	100	95	0	0	0	8
S-CV1501-04	68670	80	80	0	0	0	0
S-CV1501-03	68670	80	80	0	0	0	0
S-CV149-08	68670	80	80	0	0	0	5
S-CV149-02	68670	80	80	0	0	0	2
S-CV144-01	68670	80	80	0	0	0	0
S-CV149-03	68670	80	80	0	0	0	0
S-N340a-03	68670	100	100	0	0	0	4
S-CV144-02	68670	80	80	0	0	0	6
S-N340a-05	68685	100	100	0	0	0	1
S-N340-01	68685	100	100	0	0	0	10
S-CV149-07	68685	80	80	0	0	0	1
S-N340-06	68685	100	80	0	0	0	32
S-CV1501-02	68685	80	80	0	0	0	0
S-CV1520-01	68685	80	80	0	0	0	0
S-N340-07	68685	100	100	0	0	0	0
S-CV1501-01	68685	80	80	0	0	0	0
S-CV149-01	68685	80	80	0	0	0	2
S-CV149-06	68685	80	80	0	0	0	11
S-N340-08	68685	100	100	0	0	0	5
S-N340a-01	68685	100	100	0	0	0	13
S-N340a-06	68685	100	95	0	0	0	7
S-CV1520-02	68685	80	80	0	0	0	0
S-CV197-02	68685	80	80	0	0	0	0
S-N340-02	68685	100	100	0	0	0	5
S-N340-03	68685	100	95	0	0	0	7
S-CV1520-03	68685	80	80	0	0	0	2
S-CV197-01	68685	80	80	0	0	0	0
S-CV149-05	68685	80	80	0	0	0	0
S-CV149-04	68685	80	80	0	0	0	4
S-CV149-10	68685	80	80	0	0	0	0
S-CV149-09	68685	80	80	0	0	0	0
S-CV1520-04	68685	80	80	0	0	0	0
S-N340a-02	68685	100	100	0	0	0	4
S-N340-04	68685	100	100	0	0	0	0
S-N340-05	68685	100	100	0	0	0	9
S-N340a-04	68685	100	100	0	0	0	6
S-CV1501-03	68685	80	80	0	0	0	0
S-CV1501-04	68685	80	80	0	0	0	0
S-CV144-01	68685	80	80	0	0	0	0
S-CV149-03	68685	80	80	0	0	0	0
S-CV149-08	68685	80	80	0	0	0	1
S-CV149-02	68685	80	80	0	0	0	5
S-N340a-03	68685	100	100	0	0	0	5
S-CV144-02	68685	80	80	0	0	0	7
S-N340a-05	68700	100	100	0	0	0	2
S-N340-01	68700	100	100	0	0	0	10
S-CV149-07	68700	80	80	0	0	0	1
S-N340-06	68700	100	95	0	0	0	29
S-CV1520-01	68700	80	80	0	0	0	0
S-CV149-01	68700	80	80	0	0	0	2
S-CV1501-01	68700	80	80	0	0	0	0
S-CV149-06	68700	80	80	0	0	0	8
S-CV197-02	68700	80	80	0	0	0	0
S-N340-08	68700	100	100	0	0	0	5
S-N340-02	68700	100	100	0	0	0	5
S-N340-03	68700	100	100	0	0	0	6
S-N340a-06	68700	100	80	0	0	0	8
S-CV1501-02	68700	80	80	0	0	0	0
S-N340-07	68700	100	100	0	0	0	0
S-CV1520-03	68700	80	80	0	0	0	2
S-N340a-01	68700	100	100	0	0	0	9
S-N340a-04	68700	100	100	0	0	0	5
S-CV149-04	68700	80	80	0	0	0	4
S-N340-05	68700	100	100	0	0	0	7
S-CV1520-02	68700	80	80	0	0	0	0
S-N340-04	68700	100	100	0	0	0	0
S-CV149-09	68700	80	80	0	0	0	0
S-CV1501-04	68700	80	80	0	0	0	0
S-CV197-01	68700	80	80	0	0	0	0
S-CV149-05	68700	80	80	0	0	0	0
S-N340a-02	68700	100	100	0	0	0	7
S-CV1520-04	68700	80	80	0	0	0	0
S-CV1501-03	68700	80	80	0	0	0	0
S-CV149-10	68700	80	80	0	0	0	1
S-CV144-01	68700	80	80	0	0	0	1
S-CV149-08	68700	80	80	0	0	0	1
S-N340a-03	68700	100	95	0	0	0	7
S-CV149-03	68700	80	80	0	0	0	0
S-CV149-02	68700	80	80	0	0	0	5
S-CV144-02	68700	80	80	0	0	0	10
S-N340-07	68715	100	100	0	0	0	0
S-CV1520-01	68715	80	80	0	0	0	3
S-CV149-07	68715	80	80	0	0	0	1
S-CV1501-01	68715	80	80	0	0	0	0
S-N340a-01	68715	100	100	0	0	0	7
S-N340a-06	68715	100	80	0	0	0	10
S-N340-02	68715	100	100	0	0	0	8
S-CV197-01	68715	80	80	0	0	0	1
S-CV149-05	68715	80	80	0	0	0	0
S-N340-05	68715	100	100	0	0	0	7
S-N340a-04	68715	100	100	0	0	0	3
S-CV1520-03	68715	80	80	0	0	0	0
S-CV149-09	68715	80	80	0	0	0	0
S-N340a-02	68715	100	100	0	0	0	10
S-CV1501-03	68715	80	80	0	0	0	0
S-CV149-04	68715	80	80	0	0	0	7
S-CV149-02	68715	80	80	0	0	0	5
S-CV144-01	68715	80	80	0	0	0	2
S-N340-01	68715	100	100	0	0	0	12
S-N340a-05	68715	100	100	0	0	0	2
S-N340-06	68715	100	95	0	0	0	25
S-CV149-01	68715	80	80	0	0	0	3
S-CV149-06	68715	80	80	0	0	0	8
S-CV1501-02	68715	80	80	0	0	0	0
S-CV197-02	68715	80	80	0	0	0	2
S-N340-03	68715	100	100	0	0	0	4
S-CV1520-02	68715	80	80	0	0	0	0
S-N340-08	68715	100	100	0	0	0	9
S-CV149-10	68715	80	80	0	0	0	2
S-CV1520-04	68715	80	80	0	0	0	0
S-N340-04	68715	100	100	0	0	0	2
S-CV1501-04	68715	80	80	0	0	0	0
S-CV149-03	68715	80	80	0	0	0	0
S-CV149-08	68715	80	80	0	0	0	4
S-CV144-02	68715	80	80	0	0	0	10
S-N340a-03	68715	100	80	0	0	0	11
S-CV149-07	68730	80	80	0	0	0	1
S-CV1520-01	68730	80	80	0	0	0	3
S-N340-07	68730	100	100	0	0	0	0
S-N340a-01	68730	100	100	0	0	0	9
S-CV1501-01	68730	80	80	0	0	0	0
S-N340a-06	68730	100	80	0	0	0	9
S-N340-02	68730	100	100	0	0	0	8
S-CV149-05	68730	80	80	0	0	0	0
S-CV197-01	68730	80	80	0	0	0	0
S-CV1520-03	68730	80	80	0	0	0	0
S-CV149-04	68730	80	80	0	0	0	7
S-CV149-09	68730	80	80	0	0	0	0
S-CV1501-03	68730	80	80	0	0	0	0
S-CV144-01	68730	80	80	0	0	0	2
S-N340-05	68730	100	100	0	0	0	13
S-N340a-04	68730	100	100	0	0	0	4
S-N340a-02	68730	100	100	0	0	0	10
S-CV149-02	68730	80	80	0	0	0	5
S-N340-06	68730	100	95	0	0	0	24
S-N340a-05	68730	100	100	0	0	0	1
S-N340-01	68730	100	100	0	0	0	12
S-CV1501-02	68730	80	80	0	0	0	0
S-CV149-01	68730	80	80	0	0	0	4
S-CV149-06	68730	80	80	0	0	0	8
S-N340-08	68730	100	100	0	0	0	8
S-CV1520-02	68730	80	80	0	0	0	0
S-CV197-02	68730	80	80	0	0	0	0
S-CV149-10	68730	80	80	0	0	0	1
S-CV1520-04	68730	80	80	0	0	0	0
S-N340-03	68730	100	100	0	0	0	0
S-N340-04	68730	100	100	0	0	0	6
S-CV1501-04	68730	80	80	0	0	0	1
S-N340a-03	68730	100	80	0	0	0	11
S-CV149-08	68730	80	80	0	0	0	4
S-CV149-03	68730	80	80	0	0	0	0
S-CV144-02	68730	80	80	0	0	0	8
S-N340-07	68745	100	100	0	0	0	0
S-CV1520-01	68745	80	80	0	0	0	0
S-CV1501-01	68745	80	80	0	0	0	0
S-CV149-07	68745	80	80	0	0	0	1
S-N340a-01	68745	100	100	0	0	0	6
S-N340a-06	68745	100	95	0	0	0	7
S-N340-02	68745	100	100	0	0	0	8
S-CV197-01	68745	80	80	0	0	0	0
S-CV149-04	68745	80	80	0	0	0	7
S-N340-05	68745	100	100	0	0	0	13
S-N340a-02	68745	100	100	0	0	0	11
S-N340a-04	68745	100	100	0	0	0	6
S-CV144-01	68745	80	80	0	0	0	2
S-N340a-05	68745	100	95	0	0	0	6
S-N340-01	68745	100	100	0	0	0	14
S-CV149-09	68745	80	80	0	0	0	0
S-N340-06	68745	100	95	0	0	0	27
S-CV1501-03	68745	80	80	0	0	0	0
S-CV1520-03	68745	80	80	0	0	0	0
S-CV149-05	68745	80	80	0	0	0	0
S-CV1501-02	68745	80	80	0	0	0	0
S-CV149-02	68745	80	80	0	0	0	5
S-CV149-06	68745	80	80	0	0	0	8
S-N340-08	68745	100	100	0	0	0	4
S-CV1520-02	68745	80	80	0	0	0	0
S-CV197-02	68745	80	80	0	0	0	0
S-CV149-01	68745	80	80	0	0	0	4
S-N340-03	68745	100	100	0	0	0	0
S-CV149-10	68745	80	80	0	0	0	0
S-CV1501-04	68745	80	80	0	0	0	1
S-CV149-03	68745	80	80	0	0	0	0
S-CV1520-04	68745	80	80	0	0	0	0
S-CV144-02	68745	80	80	0	0	0	5
S-CV149-08	68745	80	80	0	0	0	3
S-N340-04	68745	100	80	0	0	0	10
S-N340a-03	68745	100	80	0	0	0	10
S-N340a-05	68760	100	80	0	0	0	9
S-N340-01	68760	100	100	0	0	0	14
S-CV149-07	68760	80	80	0	0	0	0
S-N340-07	68760	100	100	0	0	0	0
S-CV1520-01	68760	80	80	0	0	0	0
S-CV1501-01	68760	80	80	0	0	0	0
S-CV1501-02	68760	80	80	0	0	0	0
S-N340-06	68760	100	95	0	0	0	26
S-CV149-01	68760	80	80	0	0	0	4
S-CV149-06	68760	80	80	0	0	0	0
S-N340-08	68760	100	100	0	0	0	4
S-CV197-02	68760	80	80	0	0	0	0
S-N340a-06	68760	100	100	0	0	0	2
S-N340a-01	68760	100	100	0	0	0	4
S-CV1520-02	68760	80	80	0	0	0	0
S-N340-03	68760	100	100	0	0	0	0
S-N340-02	68760	100	100	0	0	0	10
S-CV149-04	68760	80	80	0	0	0	3
S-CV197-01	68760	80	80	0	0	0	0
S-CV149-05	68760	80	80	0	0	0	0
S-CV1520-04	68760	80	80	0	0	0	1
S-CV1520-03	68760	80	80	0	0	0	0
S-CV149-10	68760	80	80	0	0	0	0
S-N340a-02	68760	100	100	0	0	0	11
S-N340-04	68760	100	80	0	0	0	10
S-N340-05	68760	100	100	0	0	0	13
S-N340a-03	68760	100	95	0	0	0	8
S-N340a-04	68760	100	95	0	0	0	8
S-CV144-01	68760	80	80	0	0	0	2
S-CV144-02	68760	80	76	0	0	0	16
S-CV149-02	68760	80	80	0	0	0	6
S-CV149-09	68760	80	80	0	0	0	0
S-CV1501-03	68760	80	80	0	0	0	0
S-CV1501-04	68760	80	80	0	0	0	0
S-CV149-03	68760	80	80	0	0	0	0
S-CV149-08	68760	80	80	0	0	0	3
S-CV149-07	68775	80	80	0	0	0	0
S-N340-07	68775	100	100	0	0	0	0
S-CV1520-01	68775	80	80	0	0	0	2
S-N340a-01	68775	100	100	0	0	0	6
S-CV1501-01	68775	80	80	0	0	0	0
S-N340a-06	68775	100	100	0	0	0	1
S-CV149-04	68775	80	80	0	0	0	8
S-N340a-02	68775	100	100	0	0	0	10
S-N340a-04	68775	100	80	0	0	0	10
S-CV144-01	68775	80	80	0	0	0	2
S-CV149-09	68775	80	80	0	0	0	0
S-CV149-05	68775	80	80	0	0	0	0
S-CV149-02	68775	80	80	0	0	0	6
S-CV1501-03	68775	80	80	0	0	0	0
S-CV1520-03	68775	80	80	0	0	0	0
S-CV197-01	68775	80	80	0	0	0	0
S-N340-01	68775	100	100	0	0	0	15
S-N340-02	68775	100	100	0	0	0	12
S-N340-05	68775	100	100	0	0	0	12
S-N340a-05	68775	100	65	0	0	0	12
S-N340-06	68775	100	95	0	0	0	28
S-CV1501-02	68775	80	80	0	0	0	0
S-CV149-06	68775	80	80	0	0	0	3
S-CV149-01	68775	80	80	0	0	0	7
S-N340-08	68775	100	100	0	0	0	8
S-CV197-02	68775	80	80	0	0	0	1
S-CV1520-02	68775	80	80	0	0	0	0
S-N340-03	68775	100	100	0	0	0	0
S-CV149-10	68775	80	80	0	0	0	1
S-CV1520-04	68775	80	80	0	0	0	2
S-N340-04	68775	100	95	0	0	0	9
S-CV1501-04	68775	80	80	0	0	0	0
S-CV149-08	68775	80	80	0	0	0	4
S-CV149-03	68775	80	80	0	0	0	0
S-CV144-02	68775	80	76	0	0	0	16
S-N340a-03	68775	100	100	0	0	0	5
S-CV1520-01	68790	80	80	0	0	0	2
S-CV149-07	68790	80	80	0	0	0	0
S-N340-07	68790	100	100	0	0	0	0
S-CV1501-01	68790	80	80	0	0	0	0
S-N340a-01	68790	100	100	0	0	0	7
S-N340a-06	68790	100	65	0	0	0	12
S-CV197-01	68790	80	80	0	0	0	0
S-CV149-04	68790	80	80	0	0	0	8
S-CV1520-03	68790	80	80	0	0	0	0
S-CV149-05	68790	80	80	0	0	0	0
S-N340a-02	68790	100	100	0	0	0	9
S-N340-05	68790	100	100	0	0	0	13
S-N340-02	68790	100	100	0	0	0	14
S-CV149-09	68790	80	80	0	0	0	0
S-N340a-04	68790	100	80	0	0	0	14
S-CV144-01	68790	80	80	0	0	0	2
S-CV1501-03	68790	80	80	0	0	0	0
S-CV149-02	68790	80	80	0	0	0	6
S-N340a-05	68790	100	80	0	0	0	9
S-N340-06	68790	100	100	0	0	0	19
S-N340-01	68790	100	100	0	0	0	15
S-CV149-01	68790	80	80	0	0	0	7
S-CV149-06	68790	80	80	0	0	0	3
S-N340-08	68790	100	100	0	0	0	7
S-CV1501-02	68790	80	80	0	0	0	0
S-CV197-02	68790	80	80	0	0	0	0
S-CV1520-02	68790	80	80	0	0	0	0
S-N340-03	68790	100	100	0	0	0	1
S-CV149-10	68790	80	80	0	0	0	1
S-CV1520-04	68790	80	80	0	0	0	2
S-N340-04	68790	100	100	0	0	0	0
S-CV1501-04	68790	80	80	0	0	0	1
S-CV149-08	68790	80	80	0	0	0	4
S-CV149-03	68790	80	80	0	0	0	0
S-CV144-02	68790	80	76	0	0	0	16
S-N340a-03	68790	100	100	0	0	0	3
S-CV149-07	68805	80	80	0	0	0	2
S-N340-07	68805	100	100	0	0	0	0
S-CV1520-01	68805	80	80	0	0	0	0
S-CV1501-01	68805	80	80	0	0	0	0
S-N340a-01	68805	100	100	0	0	0	5
S-N340a-06	68805	100	80	0	0	0	11
S-N340-02	68805	100	100	0	0	0	15
S-CV149-04	68805	80	80	0	0	0	8
S-CV197-01	68805	80	80	0	0	0	1
S-CV149-05	68805	80	80	0	0	0	0
S-CV1520-03	68805	80	80	0	0	0	0
S-CV149-09	68805	80	80	0	0	0	0
S-N340a-02	68805	100	100	0	0	0	8
S-N340a-04	68805	100	80	0	0	0	11
S-N340-05	68805	100	100	0	0	0	14
S-CV1501-03	68805	80	80	0	0	0	0
S-N340-01	68805	100	100	0	0	0	17
S-CV144-01	68805	80	80	0	0	0	3
S-CV149-02	68805	80	80	0	0	0	8
S-N340a-05	68805	100	95	0	0	0	6
S-N340-06	68805	100	95	0	0	0	22
S-CV1501-02	68805	80	80	0	0	0	0
S-CV149-01	68805	80	80	0	0	0	7
S-CV149-06	68805	80	80	0	0	0	3
S-CV197-02	68805	80	80	0	0	0	0
S-CV1520-02	68805	80	80	0	0	0	0
S-N340-08	68805	100	100	0	0	0	4
S-N340-03	68805	100	100	0	0	0	3
S-CV149-10	68805	80	80	0	0	0	2
S-N340-04	68805	100	100	0	0	0	1
S-CV1501-04	68805	80	80	0	0	0	1
S-CV1520-04	68805	80	80	0	0	0	4
S-CV149-08	68805	80	80	0	0	0	1
S-CV149-03	68805	80	80	0	0	0	0
S-N340a-03	68805	100	100	0	0	0	2
S-CV144-02	68805	80	76	0	0	0	15
S-CV149-07	68820	80	80	0	0	0	2
S-N340-07	68820	100	100	0	0	0	0
S-CV1520-01	68820	80	80	0	0	0	0
S-CV1501-01	68820	80	80	0	0	0	0
S-N340a-01	68820	100	100	0	0	0	4
S-N340a-06	68820	100	65	0	0	0	12
S-N340-02	68820	100	100	0	0	0	15
S-CV149-04	68820	80	80	0	0	0	8
S-CV197-01	68820	80	80	0	0	0	0
S-CV149-09	68820	80	80	0	0	0	0
S-CV149-05	68820	80	80	0	0	0	0
S-N340a-02	68820	100	100	0	0	0	12
S-CV1520-03	68820	80	80	0	0	0	0
S-N340-05	68820	100	100	0	0	0	17
S-N340a-04	68820	100	100	0	0	0	6
S-N340-01	68820	100	100	0	0	0	14
S-CV149-01	68820	80	80	0	0	0	7
S-CV149-06	68820	80	80	0	0	0	3
S-CV1501-03	68820	80	80	0	0	0	0
S-CV144-01	68820	80	80	0	0	0	4
S-CV149-02	68820	80	80	0	0	0	8
S-CV1520-04	68820	80	80	0	0	0	4
S-N340a-05	68820	100	95	0	0	0	5
S-N340-03	68820	100	100	0	0	0	3
S-CV1501-02	68820	80	80	0	0	0	0
S-N340-08	68820	100	100	0	0	0	4
S-CV1520-02	68820	80	80	0	0	0	0
S-CV197-02	68820	80	80	0	0	0	0
S-N340-06	68820	100	100	0	0	0	18
S-CV149-10	68820	80	80	0	0	0	0
S-CV1501-04	68820	80	80	0	0	0	2
S-N340-04	68820	100	95	0	0	0	7
S-CV149-03	68820	80	80	0	0	0	0
S-CV144-02	68820	80	76	0	0	0	13
S-N340a-03	68820	100	100	0	0	0	3
S-CV149-08	68820	80	80	0	0	0	1
S-CV149-07	68835	80	80	0	0	0	2
S-CV1520-01	68835	80	80	0	0	0	2
S-N340-07	68835	100	100	0	0	0	0
S-CV1501-01	68835	80	80	0	0	0	0
S-N340a-01	68835	100	100	0	0	0	5
S-N340-02	68835	100	100	0	0	0	16
S-N340a-06	68835	100	80	0	0	0	10
S-CV149-05	68835	80	80	0	0	0	0
S-CV197-01	68835	80	80	0	0	0	0
S-CV149-04	68835	80	80	0	0	0	6
S-CV1520-03	68835	80	80	0	0	0	0
S-CV149-09	68835	80	80	0	0	0	2
S-N340-05	68835	100	100	0	0	0	18
S-N340a-04	68835	100	100	0	0	0	5
S-N340a-02	68835	100	95	0	0	0	15
S-CV1501-03	68835	80	80	0	0	0	0
S-CV144-01	68835	80	80	0	0	0	4
S-CV149-02	68835	80	80	0	0	0	11
S-N340a-05	68835	100	95	0	0	0	5
S-N340-01	68835	100	100	0	0	0	18
S-N340-06	68835	100	100	0	0	0	18
S-CV149-01	68835	80	80	0	0	0	8
S-CV149-06	68835	80	80	0	0	0	6
S-N340-08	68835	100	100	0	0	0	10
S-CV1501-02	68835	80	80	0	0	0	0
S-N340-03	68835	100	100	0	0	0	2
S-CV197-02	68835	80	80	0	0	0	0
S-CV1520-02	68835	80	80	0	0	0	0
S-CV149-10	68835	80	80	0	0	0	0
S-CV1520-04	68835	80	80	0	0	0	4
S-N340-04	68835	100	95	0	0	0	7
S-CV1501-04	68835	80	80	0	0	0	1
S-CV149-08	68835	80	80	0	0	0	4
S-CV149-03	68835	80	80	0	0	0	0
S-N340a-03	68835	100	100	0	0	0	3
S-CV144-02	68835	80	76	0	0	0	13
S-CV149-07	68850	80	80	0	0	0	2
S-CV1520-01	68850	80	80	0	0	0	2
S-N340-07	68850	100	100	0	0	0	1
S-CV1501-01	68850	80	80	0	0	0	0
S-N340a-01	68850	100	100	0	0	0	4
S-N340a-06	68850	100	100	0	0	0	3
S-N340-02	68850	100	100	0	0	0	21
S-CV197-01	68850	80	80	0	0	0	0
S-CV149-05	68850	80	80	0	0	0	0
S-CV149-04	68850	80	80	0	0	0	6
S-CV1520-03	68850	80	80	0	0	0	0
S-CV149-09	68850	80	80	0	0	0	0
S-N340a-02	68850	100	95	0	0	0	17
S-N340-05	68850	100	95	0	0	0	21
S-N340a-04	68850	100	100	0	0	0	5
S-CV144-01	68850	80	80	0	0	0	6
S-CV1501-03	68850	80	80	0	0	0	0
S-CV149-02	68850	80	80	0	0	0	11
S-N340a-05	68850	100	100	0	0	0	2
S-N340-01	68850	100	100	0	0	0	18
S-N340-06	68850	100	95	0	0	0	24
S-CV1501-02	68850	80	80	0	0	0	0
S-CV149-01	68850	80	80	0	0	0	8
S-CV149-06	68850	80	80	0	0	0	6
S-N340-08	68850	100	100	0	0	0	6
S-CV197-02	68850	80	80	0	0	0	0
S-CV1520-02	68850	80	80	0	0	0	0
S-N340-03	68850	100	100	0	0	0	0
S-CV1520-04	68850	80	80	0	0	0	4
S-N340-04	68850	100	100	0	0	0	6
S-CV149-10	68850	80	80	0	0	0	0
S-CV1501-04	68850	80	80	0	0	0	0
S-CV144-02	68850	80	76	0	0	0	13
S-CV149-03	68850	80	80	0	0	0	0
S-N340a-03	68850	100	100	0	0	0	3
S-CV149-08	68850	80	80	0	0	0	4
S-CV149-07	68865	80	80	0	0	0	2
S-CV1520-01	68865	80	80	0	0	0	0
S-CV1501-01	68865	80	80	0	0	0	0
S-N340-07	68865	100	100	0	0	0	1
S-N340a-01	68865	100	100	0	0	0	4
S-N340a-06	68865	100	95	0	0	0	7
S-N340-02	68865	100	100	0	0	0	27
S-CV197-01	68865	80	80	0	0	0	2
S-CV149-05	68865	80	80	0	0	0	0
S-CV1520-03	68865	80	80	0	0	0	0
S-CV149-04	68865	80	80	0	0	0	6
S-N340a-02	68865	100	95	0	0	0	15
S-CV149-09	68865	80	80	0	0	0	0
S-N340-05	68865	100	100	0	0	0	18
S-N340a-04	68865	100	100	0	0	0	6
S-CV144-01	68865	80	80	0	0	0	6
S-CV1501-03	68865	80	80	0	0	0	0
S-CV149-02	68865	80	80	0	0	0	14
S-N340-01	68865	100	100	0	0	0	19
S-N340a-05	68865	100	100	0	0	0	4
S-N340-06	68865	100	95	0	0	0	20
S-CV1501-02	68865	80	80	0	0	0	0
S-CV149-01	68865	80	80	0	0	0	8
S-CV149-06	68865	80	80	0	0	0	3
S-CV197-02	68865	80	80	0	0	0	0
S-CV1520-02	68865	80	80	0	0	0	0
S-N340-08	68865	100	100	0	0	0	6
S-N340-03	68865	100	100	0	0	0	0
S-CV149-10	68865	80	80	0	0	0	1
S-CV1520-04	68865	80	80	0	0	0	4
S-CV149-08	68865	80	80	0	0	0	3
S-N340-04	68865	100	100	0	0	0	0
S-CV149-03	68865	80	80	0	0	0	0
S-CV1501-04	68865	80	80	0	0	0	0
S-CV144-02	68865	80	76	0	0	0	13
S-N340a-03	68865	100	100	0	0	0	3
S-CV149-07	68880	80	80	0	0	0	2
S-CV1520-01	68880	80	80	0	0	0	0
S-N340a-01	68880	100	100	0	0	0	2
S-N340-07	68880	100	100	0	0	0	2
S-CV1501-01	68880	80	80	0	0	0	0
S-N340a-06	68880	100	50	0	0	0	16
S-N340-02	68880	100	100	0	0	0	28
S-CV197-01	68880	80	80	0	0	0	1
S-CV149-05	68880	80	80	0	0	0	0
S-CV1520-03	68880	80	80	0	0	0	0
S-CV149-04	68880	80	80	0	0	0	6
S-N340a-02	68880	100	95	0	0	0	16
S-CV149-09	68880	80	80	0	0	0	0
S-N340a-04	68880	100	100	0	0	0	5
S-CV144-01	68880	80	80	0	0	0	7
S-CV149-02	68880	80	80	0	0	0	15
S-N340-05	68880	100	100	0	0	0	15
S-N340a-05	68880	100	100	0	0	0	4
S-N340-01	68880	100	100	0	0	0	18
S-N340-06	68880	100	100	0	0	0	19
S-CV1501-03	68880	80	80	0	0	0	0
S-CV1501-02	68880	80	80	0	0	0	0
S-CV149-01	68880	80	80	0	0	0	8
S-CV149-06	68880	80	80	0	0	0	3
S-CV1520-02	68880	80	80	0	0	0	0
S-N340-08	68880	100	100	0	0	0	6
S-N340-03	68880	100	100	0	0	0	1
S-CV197-02	68880	80	80	0	0	0	0
S-CV149-10	68880	80	80	0	0	0	0
S-CV1520-04	68880	80	80	0	0	0	3
S-CV1501-04	68880	80	80	0	0	0	0
S-N340-04	68880	100	100	0	0	0	1
S-CV149-03	68880	80	80	0	0	0	0
S-CV149-08	68880	80	80	0	0	0	3
S-CV144-02	68880	80	80	0	0	0	1
S-N340a-03	68880	100	100	0	0	0	4
S-CV149-07	68895	80	80	0	0	0	1
S-N340-07	68895	100	100	0	0	0	2
S-CV1520-01	68895	80	80	0	0	0	0
S-CV1501-01	68895	80	80	0	0	0	0
S-N340-02	68895	100	100	0	0	0	28
S-N340a-06	68895	100	50	0	0	0	16
S-N340a-01	68895	100	100	0	0	0	4
S-CV149-04	68895	80	80	0	0	0	5
S-CV1520-03	68895	80	80	0	0	0	0
S-CV197-01	68895	80	80	0	0	0	0
S-CV149-05	68895	80	80	0	0	0	0
S-N340a-02	68895	100	95	0	0	0	19
S-CV149-09	68895	80	80	0	0	0	0
S-N340-05	68895	100	100	0	0	0	14
S-N340a-04	68895	100	100	0	0	0	2
S-CV144-01	68895	80	80	0	0	0	8
S-CV1501-03	68895	80	80	0	0	0	0
S-CV149-02	68895	80	80	0	0	0	18
S-N340a-05	68895	100	95	0	0	0	6
S-N340-01	68895	100	100	0	0	0	19
S-N340-06	68895	100	95	0	0	0	23
S-CV1501-02	68895	80	80	0	0	0	0
S-CV149-01	68895	80	80	0	0	0	8
S-N340-08	68895	100	100	0	0	0	11
S-CV197-02	68895	80	80	0	0	0	2
S-CV1520-02	68895	80	80	0	0	0	0
S-CV149-06	68895	80	80	0	0	0	6
S-N340-03	68895	100	100	0	0	0	0
S-CV149-10	68895	80	80	0	0	0	1
S-CV1520-04	68895	80	80	0	0	0	3
S-N340-04	68895	100	100	0	0	0	2
S-CV1501-04	68895	80	80	0	0	0	0
S-CV149-08	68895	80	80	0	0	0	7
S-CV144-02	68895	80	80	0	0	0	1
S-CV149-03	68895	80	80	0	0	0	0
S-N340a-03	68895	100	100	0	0	0	2
S-CV149-07	68910	80	80	0	0	0	4
S-CV1520-01	68910	80	80	0	0	0	0
S-N340-07	68910	100	100	0	0	0	2
S-N340a-01	68910	100	100	0	0	0	5
S-N340a-06	68910	100	50	0	0	0	16
S-CV1501-01	68910	80	80	0	0	0	0
S-N340-02	68910	100	100	0	0	0	26
S-CV197-01	68910	80	80	0	0	0	1
S-CV149-05	68910	80	80	0	0	0	0
S-CV1520-03	68910	80	80	0	0	0	0
S-CV149-04	68910	80	80	0	0	0	5
S-CV149-09	68910	80	80	0	0	0	0
S-N340-05	68910	100	100	0	0	0	17
S-N340a-04	68910	100	100	0	0	0	0
S-N340a-02	68910	100	95	0	0	0	17
S-CV144-01	68910	80	80	0	0	0	5
S-CV1501-03	68910	80	80	0	0	0	0
S-CV149-02	68910	80	80	0	0	0	18
S-N340a-05	68910	100	100	0	0	0	4
S-N340-06	68910	100	95	0	0	0	22
S-N340-01	68910	100	100	0	0	0	19
S-CV1501-02	68910	80	80	0	0	0	0
S-CV149-01	68910	80	80	0	0	0	7
S-CV149-06	68910	80	80	0	0	0	6
S-CV197-02	68910	80	80	0	0	0	0
S-N340-08	68910	100	100	0	0	0	9
S-N340-03	68910	100	100	0	0	0	0
S-CV1520-02	68910	80	80	0	0	0	0
S-CV149-10	68910	80	80	0	0	0	0
S-CV1520-04	68910	80	80	0	0	0	3
S-N340-04	68910	100	100	0	0	0	6
S-CV1501-04	68910	80	80	0	0	0	0
S-CV149-08	68910	80	80	0	0	0	7
S-CV149-03	68910	80	80	0	0	0	0
S-N340a-03	68910	100	100	0	0	0	2
S-CV144-02	68910	80	80	0	0	0	0
S-CV149-07	68925	80	80	0	0	0	5
S-N340-07	68925	100	100	0	0	0	2
S-CV1520-01	68925	80	80	0	0	0	0
S-CV1501-01	68925	80	80	0	0	0	0
S-N340a-01	68925	100	100	0	0	0	4
S-N340a-06	68925	100	50	0	0	0	16
S-N340-02	68925	100	100	0	0	0	26
S-CV197-01	68925	80	80	0	0	0	2
S-CV149-04	68925	80	80	0	0	0	5
S-CV149-09	68925	80	80	0	0	0	0
S-N340a-02	68925	100	95	0	0	0	14
S-CV149-05	68925	80	80	0	0	0	0
S-CV1520-03	68925	80	80	0	0	0	0
S-N340-05	68925	100	100	0	0	0	18
S-N340a-04	68925	100	100	0	0	0	0
S-CV1501-03	68925	80	80	0	0	0	0
S-N340-01	68925	100	100	0	0	0	18
S-CV149-02	68925	80	80	0	0	0	20
S-N340-06	68925	100	95	0	0	0	22
S-N340a-05	68925	100	100	0	0	0	4
S-CV144-01	68925	80	80	0	0	0	5
S-CV1501-02	68925	80	80	0	0	0	0
S-CV149-01	68925	80	80	0	0	0	7
S-CV149-06	68925	80	80	0	0	0	5
S-CV1520-02	68925	80	80	0	0	0	0
S-N340-08	68925	100	100	0	0	0	5
S-CV197-02	68925	80	80	0	0	0	0
S-N340-03	68925	100	100	0	0	0	0
S-CV149-10	68925	80	80	0	0	0	1
S-CV1520-04	68925	80	80	0	0	0	2
S-CV1501-04	68925	80	80	0	0	0	0
S-CV149-08	68925	80	80	0	0	0	4
S-CV144-02	68925	80	80	0	0	0	1
S-CV149-03	68925	80	80	0	0	0	0
S-N340-04	68925	100	95	0	0	0	8
S-N340a-03	68925	100	100	0	0	0	2
S-CV1520-01	68940	80	80	0	0	0	0
S-N340-07	68940	100	100	0	0	0	2
S-CV149-07	68940	80	80	0	0	0	6
S-CV1501-01	68940	80	80	0	0	0	0
S-N340a-01	68940	100	100	0	0	0	4
S-N340-02	68940	100	100	0	0	0	27
S-N340a-06	68940	100	80	0	0	0	11
S-CV197-01	68940	80	80	0	0	0	2
S-CV149-04	68940	80	80	0	0	0	4
S-N340a-02	68940	100	100	0	0	0	11
S-CV149-09	68940	80	80	0	0	0	0
S-CV1520-03	68940	80	80	0	0	0	0
S-CV149-05	68940	80	80	0	0	0	0
S-N340-05	68940	100	100	0	0	0	16
S-N340a-04	68940	100	100	0	0	0	3
S-CV144-01	68940	80	80	0	0	0	5
S-CV149-02	68940	80	80	0	0	0	24
S-N340a-05	68940	100	100	0	0	0	4
S-N340-06	68940	100	95	0	0	0	21
S-N340-01	68940	100	100	0	0	0	17
S-CV149-01	68940	80	80	0	0	0	6
S-CV149-06	68940	80	80	0	0	0	3
S-N340-08	68940	100	100	0	0	0	5
S-CV149-10	68940	80	76	0	0	0	3
S-CV1501-03	68940	80	80	0	0	0	0
S-N340-04	68940	100	95	0	0	0	9
S-CV149-08	68940	80	80	0	0	0	4
S-CV1501-02	68940	80	80	0	0	0	0
S-CV197-02	68940	80	80	0	0	0	0
S-CV149-03	68940	80	80	0	0	0	0
S-CV1520-02	68940	80	80	0	0	0	0
S-N340-03	68940	100	100	0	0	0	0
S-CV1520-04	68940	80	80	0	0	0	2
S-CV1501-04	68940	80	80	0	0	0	0
S-CV144-02	68940	80	80	0	0	0	1
S-N340a-03	68940	100	100	0	0	0	2
S-CV149-07	68955	80	80	0	0	0	7
S-CV1520-01	68955	80	80	0	0	0	0
S-N340-07	68955	100	100	0	0	0	2
S-CV1501-01	68955	80	80	0	0	0	0
S-N340a-01	68955	100	100	0	0	0	5
S-N340a-06	68955	100	100	0	0	0	2
S-N340-02	68955	100	100	0	0	0	34
S-CV197-01	68955	80	80	0	0	0	0
S-CV149-05	68955	80	80	0	0	0	1
S-CV149-04	68955	80	80	0	0	0	7
S-CV1520-03	68955	80	80	0	0	0	0
S-CV149-09	68955	80	80	0	0	0	1
S-N340a-02	68955	100	100	0	0	0	8
S-N340-05	68955	100	100	0	0	0	15
S-N340a-04	68955	100	100	0	0	0	6
S-CV1501-03	68955	80	80	0	0	0	0
S-CV144-01	68955	80	80	0	0	0	4
S-CV149-02	68955	80	80	0	0	0	23
S-N340-06	68955	100	95	0	0	0	21
S-CV1501-02	68955	80	80	0	0	0	0
S-N340a-05	68955	100	95	0	0	0	6
S-N340-01	68955	100	100	0	0	0	16
S-CV149-01	68955	80	80	0	0	0	7
S-CV149-06	68955	80	80	0	0	0	8
S-CV1520-02	68955	80	80	0	0	0	0
S-N340-03	68955	100	100	0	0	0	0
S-N340-08	68955	100	100	0	0	0	8
S-CV197-02	68955	80	80	0	0	0	0
S-CV149-10	68955	80	76	0	0	0	4
S-N340-04	68955	100	80	0	0	0	10
S-CV1520-04	68955	80	80	0	0	0	2
S-CV149-08	68955	80	80	0	0	0	7
S-CV144-02	68955	80	80	0	0	0	1
S-CV149-03	68955	80	80	0	0	0	0
S-CV1501-04	68955	80	80	0	0	0	0
S-N340a-03	68955	100	100	0	0	0	0
S-CV149-07	68970	80	80	0	0	0	8
S-CV1520-01	68970	80	80	0	0	0	0
S-CV1501-01	68970	80	80	0	0	0	0
S-N340-07	68970	100	100	0	0	0	1
S-N340a-01	68970	100	100	0	0	0	4
S-N340a-06	68970	100	100	0	0	0	0
S-N340-02	68970	100	95	0	0	0	37
S-CV197-01	68970	80	80	0	0	0	1
S-CV149-05	68970	80	80	0	0	0	1
S-CV1520-03	68970	80	80	0	0	0	0
S-CV149-04	68970	80	80	0	0	0	7
S-CV149-09	68970	80	80	0	0	0	0
S-N340-05	68970	100	100	0	0	0	13
S-N340a-02	68970	100	100	0	0	0	7
S-N340a-04	68970	100	80	0	0	0	10
S-CV144-01	68970	80	80	0	0	0	5
S-CV1501-03	68970	80	80	0	0	0	0
S-CV149-02	68970	80	80	0	0	0	21
S-N340a-05	68970	100	95	0	0	0	5
S-N340-01	68970	100	100	0	0	0	15
S-N340-06	68970	100	95	0	0	0	27
S-CV1501-02	68970	80	80	0	0	0	0
S-CV149-01	68970	80	80	0	0	0	6
S-CV149-06	68970	80	80	0	0	0	8
S-N340-08	68970	100	100	0	0	0	3
S-CV197-02	68970	80	80	0	0	0	0
S-N340-03	68970	100	100	0	0	0	0
S-CV1520-02	68970	80	80	0	0	0	0
S-CV1501-04	68970	80	80	0	0	0	1
S-N340-04	68970	100	100	0	0	0	4
S-CV1520-04	68970	80	80	0	0	0	2
S-CV149-10	68970	80	76	0	0	0	4
S-CV149-08	68970	80	80	0	0	0	7
S-CV144-02	68970	80	80	0	0	0	1
S-N340a-03	68970	100	100	0	0	0	1
S-CV149-03	68970	80	80	0	0	0	0
S-CV149-07	68985	80	80	0	0	0	8
S-N340-07	68985	100	100	0	0	0	3
S-CV1520-01	68985	80	80	0	0	0	0
S-CV1501-01	68985	80	80	0	0	0	0
S-N340a-06	68985	100	100	0	0	0	2
S-N340-02	68985	100	95	0	0	0	37
S-N340a-01	68985	100	100	0	0	0	3
S-CV197-01	68985	80	80	0	0	0	1
S-CV149-05	68985	80	80	0	0	0	3
S-N340-05	68985	100	100	0	0	0	9
S-N340a-02	68985	100	100	0	0	0	7
S-N340a-04	68985	100	95	0	0	0	8
S-CV1520-03	68985	80	80	0	0	0	0
S-CV149-09	68985	80	80	0	0	0	0
S-CV149-04	68985	80	80	0	0	0	7
S-CV144-01	68985	80	80	0	0	0	4
S-N340a-05	68985	100	100	0	0	0	4
S-N340-01	68985	100	100	0	0	0	14
S-N340-06	68985	100	95	0	0	0	25
S-CV1501-03	68985	80	80	0	0	0	0
S-CV149-02	68985	80	80	0	0	0	25
S-CV1501-02	68985	80	80	0	0	0	0
S-CV149-01	68985	80	80	0	0	0	6
S-CV149-06	68985	80	80	0	0	0	8
S-N340-08	68985	100	100	0	0	0	3
S-CV1520-02	68985	80	80	0	0	0	0
S-CV197-02	68985	80	80	0	0	0	0
S-N340-03	68985	100	100	0	0	0	0
S-CV1520-04	68985	80	80	0	0	0	2
S-CV1501-04	68985	80	80	0	0	0	1
S-N340-04	68985	100	100	0	0	0	3
S-CV149-10	68985	80	80	0	0	0	2
S-CV144-02	68985	80	80	0	0	0	1
S-CV149-08	68985	80	80	0	0	0	3
S-N340a-03	68985	100	100	0	0	0	2
S-CV149-03	68985	80	80	0	0	0	0
S-CV149-07	69000	80	80	0	0	0	7
S-N340-07	69000	100	100	0	0	0	4
S-N340a-01	69000	100	100	0	0	0	2
S-CV1520-01	69000	80	80	0	0	0	0
S-CV1501-01	69000	80	80	0	0	0	0
S-N340a-06	69000	100	95	0	0	0	7
S-N340-02	69000	100	95	0	0	0	38
S-CV197-01	69000	80	80	0	0	0	2
S-CV149-04	69000	80	80	0	0	0	4
S-CV1520-03	69000	80	80	0	0	0	0
S-CV149-05	69000	80	80	0	0	0	3
S-N340-05	69000	100	100	0	0	0	8
S-CV149-09	69000	80	80	0	0	0	0
S-N340a-04	69000	100	95	0	0	0	8
S-CV144-01	69000	80	80	0	0	0	6
S-N340a-02	69000	100	100	0	0	0	5
S-CV149-02	69000	80	80	0	0	0	31
S-N340-06	69000	100	95	0	0	0	20
S-N340-01	69000	100	100	0	0	0	12
S-CV197-02	69000	80	80	0	0	0	0
S-CV149-06	69000	80	80	0	0	0	5
S-N340a-05	69000	100	100	0	0	0	4
S-CV1501-02	69000	80	80	0	0	0	0
S-CV1520-02	69000	80	80	0	0	0	0
S-CV1501-03	69000	80	80	0	0	0	0
S-CV149-01	69000	80	80	0	0	0	6
S-N340-08	69000	100	100	0	0	0	3
S-CV149-10	69000	80	80	0	0	0	1
S-CV1520-04	69000	80	80	0	0	0	2
S-N340-04	69000	100	100	0	0	0	1
S-CV1501-04	69000	80	80	0	0	0	2
S-N340-03	69000	100	100	0	0	0	0
S-CV149-03	69000	80	80	0	0	0	0
S-CV144-02	69000	80	80	0	0	0	1
S-N340a-03	69000	100	100	0	0	0	3
S-CV149-08	69000	80	80	0	0	0	3
S-CV1520-01	69015	80	80	0	0	0	3
S-CV149-07	69015	80	80	0	0	0	5
S-CV1501-01	69015	80	80	0	0	0	0
S-N340-07	69015	100	100	0	0	0	3
S-N340a-01	69015	100	100	0	0	0	1
S-N340a-06	69015	100	95	0	0	0	7
S-N340-02	69015	100	100	0	0	0	35
S-CV149-05	69015	80	80	0	0	0	3
S-CV197-01	69015	80	64	0	0	0	5
S-CV1520-03	69015	80	80	0	0	0	0
S-CV149-04	69015	80	80	0	0	0	3
S-N340a-02	69015	100	100	0	0	0	7
S-N340-05	69015	100	100	0	0	0	10
S-CV1501-03	69015	80	80	0	0	0	0
S-CV149-09	69015	80	80	0	0	0	2
S-CV144-01	69015	80	80	0	0	0	6
S-N340-01	69015	100	100	0	0	0	15
S-N340a-05	69015	100	100	0	0	0	3
S-CV1501-02	69015	80	80	0	0	0	0
S-N340-06	69015	100	95	0	0	0	24
S-CV149-02	69015	80	80	0	0	0	32
S-N340a-04	69015	100	95	0	0	0	8
S-CV149-01	69015	80	80	0	0	0	6
S-CV149-06	69015	80	80	0	0	0	8
S-N340-08	69015	100	100	0	0	0	4
S-CV197-02	69015	80	80	0	0	0	0
S-N340-03	69015	100	100	0	0	0	0
S-CV1520-02	69015	80	80	0	0	0	0
S-CV149-10	69015	80	80	0	0	0	0
S-CV1520-04	69015	80	80	0	0	0	2
S-N340-04	69015	100	100	0	0	0	0
S-CV1501-04	69015	80	80	0	0	0	1
S-CV149-08	69015	80	76	0	0	0	15
S-CV144-02	69015	80	80	0	0	0	0
S-CV149-03	69015	80	80	0	0	0	0
S-N340a-03	69015	100	100	0	0	0	3
S-CV149-07	69030	80	80	0	0	0	5
S-N340-07	69030	100	100	0	0	0	3
S-CV1520-01	69030	80	80	0	0	0	3
S-N340a-06	69030	100	95	0	0	0	7
S-N340-02	69030	100	100	0	0	0	34
S-CV1501-01	69030	80	80	0	0	0	0
S-N340a-01	69030	100	100	0	0	0	0
S-CV1520-03	69030	80	80	0	0	0	0
S-CV197-01	69030	80	64	0	0	0	4
S-CV149-04	69030	80	80	0	0	0	3
S-N340a-02	69030	100	100	0	0	0	10
S-CV149-05	69030	80	80	0	0	0	4
S-N340-05	69030	100	100	0	0	0	12
S-CV144-01	69030	80	80	0	0	0	5
S-CV149-09	69030	80	80	0	0	0	0
S-N340a-04	69030	100	100	0	0	0	5
S-CV1501-03	69030	80	80	0	0	0	0
S-N340a-05	69030	100	100	0	0	0	3
S-N340-01	69030	100	100	0	0	0	15
S-N340-06	69030	100	95	0	0	0	29
S-CV1501-02	69030	80	80	0	0	0	0
S-CV149-02	69030	80	80	0	0	0	32
S-CV149-01	69030	80	80	0	0	0	3
S-CV1520-02	69030	80	80	0	0	0	0
S-N340-08	69030	100	100	0	0	0	1
S-CV197-02	69030	80	80	0	0	0	0
S-N340-03	69030	100	100	0	0	0	0
S-CV149-06	69030	80	80	0	0	0	8
S-CV1520-04	69030	80	80	0	0	0	1
S-CV1501-04	69030	80	80	0	0	0	0
S-N340-04	69030	100	100	0	0	0	0
S-CV149-10	69030	80	80	0	0	0	0
S-CV149-03	69030	80	80	0	0	0	2
S-CV149-08	69030	80	76	0	0	0	15
S-CV144-02	69030	80	80	0	0	0	0
S-N340a-03	69030	100	100	0	0	0	2
S-CV149-07	69045	80	80	0	0	0	4
S-N340-07	69045	100	100	0	0	0	5
S-CV1520-01	69045	80	80	0	0	0	0
S-CV1501-01	69045	80	80	0	0	0	0
S-N340a-06	69045	100	95	0	0	0	6
S-N340-02	69045	100	100	0	0	0	32
S-N340a-01	69045	100	100	0	0	0	0
S-N340a-02	69045	100	100	0	0	0	12
S-CV1520-03	69045	80	80	0	0	0	0
S-N340a-04	69045	100	95	0	0	0	7
S-N340-05	69045	100	100	0	0	0	11
S-CV149-05	69045	80	80	0	0	0	4
S-CV149-04	69045	80	80	0	0	0	3
S-CV149-09	69045	80	80	0	0	0	0
S-N340-01	69045	100	100	0	0	0	16
S-CV197-01	69045	80	80	0	0	0	0
S-N340a-05	69045	100	100	0	0	0	4
S-CV1501-03	69045	80	80	0	0	0	0
S-CV149-02	69045	80	80	0	0	0	32
S-CV1501-02	69045	80	80	0	0	0	0
S-N340-08	69045	100	100	0	0	0	1
S-CV149-06	69045	80	80	0	0	0	8
S-CV149-01	69045	80	80	0	0	0	6
S-CV1520-02	69045	80	80	0	0	0	1
S-N340-06	69045	100	95	0	0	0	25
S-CV149-10	69045	80	80	0	0	0	0
S-CV197-02	69045	80	80	0	0	0	0
S-N340-03	69045	100	100	0	0	0	0
S-CV144-01	69045	80	80	0	0	0	5
S-N340-04	69045	100	100	0	0	0	0
S-CV149-03	69045	80	80	0	0	0	2
S-CV149-08	69045	80	76	0	0	0	15
S-CV1520-04	69045	80	80	0	0	0	0
S-N340a-03	69045	100	100	0	0	0	2
S-CV1501-04	69045	80	80	0	0	0	0
S-CV144-02	69045	80	80	0	0	0	0
S-N340-07	69060	100	100	0	0	0	5
S-N340a-06	69060	100	100	0	0	0	4
S-CV1501-01	69060	80	80	0	0	0	0
S-N340a-01	69060	100	100	0	0	0	0
S-CV1520-01	69060	80	80	0	0	0	0
S-N340-02	69060	100	100	0	0	0	34
S-CV149-07	69060	80	80	0	0	0	4
S-CV149-05	69060	80	80	0	0	0	3
S-CV149-04	69060	80	80	0	0	0	1
S-CV197-01	69060	80	80	0	0	0	0
S-CV1520-03	69060	80	80	0	0	0	0
S-CV149-09	69060	80	80	0	0	0	0
S-N340a-02	69060	100	95	0	0	0	15
S-N340-05	69060	100	100	0	0	0	10
S-N340a-04	69060	100	100	0	0	0	4
S-CV144-01	69060	80	80	0	0	0	4
S-CV1501-03	69060	80	80	0	0	0	0
S-CV149-02	69060	80	76	0	0	0	36
S-N340a-05	69060	100	95	0	0	0	7
S-N340-01	69060	100	100	0	0	0	13
S-N340-06	69060	100	95	0	0	0	24
S-CV1501-02	69060	80	80	0	0	0	0
S-CV149-06	69060	80	80	0	0	0	3
S-CV197-02	69060	80	80	0	0	0	0
S-CV149-01	69060	80	80	0	0	0	7
S-CV1520-02	69060	80	80	0	0	0	1
S-N340-08	69060	100	100	0	0	0	1
S-N340-03	69060	100	100	0	0	0	0
S-CV149-10	69060	80	80	0	0	0	0
S-N340-04	69060	100	100	0	0	0	1
S-CV1501-04	69060	80	80	0	0	0	0
S-CV1520-04	69060	80	80	0	0	0	0
S-CV149-08	69060	80	80	0	0	0	12
S-CV149-03	69060	80	80	0	0	0	2
S-CV144-02	69060	80	80	0	0	0	5
S-N340a-03	69060	100	100	0	0	0	1
S-CV149-07	69075	80	80	0	0	0	3
S-N340-07	69075	100	100	0	0	0	5
S-CV1520-01	69075	80	80	0	0	0	1
S-N340a-01	69075	100	100	0	0	0	3
S-CV1501-01	69075	80	80	0	0	0	0
S-N340a-06	69075	100	95	0	0	0	6
S-N340-02	69075	100	100	0	0	0	34
S-CV197-01	69075	80	80	0	0	0	1
S-CV149-04	69075	80	80	0	0	0	0
S-CV149-05	69075	80	80	0	0	0	3
S-CV1520-03	69075	80	80	0	0	0	0
S-N340a-02	69075	100	100	0	0	0	13
S-CV149-09	69075	80	76	0	0	0	4
S-N340-05	69075	100	100	0	0	0	11
S-N340a-04	69075	100	100	0	0	0	4
S-CV144-01	69075	80	80	0	0	0	3
S-CV1501-03	69075	80	80	0	0	0	0
S-CV149-02	69075	80	76	0	0	0	37
S-N340a-05	69075	100	95	0	0	0	6
S-N340-01	69075	100	100	0	0	0	14
S-CV1501-02	69075	80	80	0	0	0	0
S-N340-06	69075	100	95	0	0	0	24
S-CV149-01	69075	80	80	0	0	0	7
S-N340-08	69075	100	100	0	0	0	3
S-CV149-06	69075	80	80	0	0	0	7
S-CV197-02	69075	80	80	0	0	0	0
S-CV1520-02	69075	80	80	0	0	0	0
S-N340-03	69075	100	100	0	0	0	0
S-CV1520-04	69075	80	80	0	0	0	0
S-CV149-10	69075	80	80	0	0	0	0
S-CV1501-04	69075	80	80	0	0	0	0
S-N340-04	69075	100	100	0	0	0	1
S-N340a-03	69075	100	100	0	0	0	0
S-CV144-02	69075	80	80	0	0	0	5
S-CV149-03	69075	80	80	0	0	0	2
S-CV149-08	69075	80	76	0	0	0	17
S-CV1501-01	69090	80	80	0	0	0	0
S-N340a-06	69090	100	95	0	0	0	5
S-N340a-01	69090	100	100	0	0	0	3
S-N340-07	69090	100	100	0	0	0	4
S-CV1520-01	69090	80	80	0	0	0	1
S-CV149-07	69090	80	80	0	0	0	5
S-CV149-05	69090	80	80	0	0	0	3
S-CV149-04	69090	80	80	0	0	0	0
S-CV197-01	69090	80	80	0	0	0	0
S-N340-02	69090	100	100	0	0	0	31
S-CV1520-03	69090	80	80	0	0	0	0
S-CV149-09	69090	80	76	0	0	0	3
S-N340a-02	69090	100	95	0	0	0	16
S-N340-05	69090	100	100	0	0	0	12
S-N340a-04	69090	100	100	0	0	0	4
S-CV144-01	69090	80	80	0	0	0	1
S-CV1501-03	69090	80	80	0	0	0	0
S-CV149-02	69090	80	76	0	0	0	37
S-N340a-05	69090	100	100	0	0	0	4
S-N340-01	69090	100	100	0	0	0	13
S-N340-06	69090	100	95	0	0	0	25
S-CV1501-02	69090	80	80	0	0	0	0
S-CV149-01	69090	80	80	0	0	0	6
S-CV149-06	69090	80	80	0	0	0	7
S-CV197-02	69090	80	80	0	0	0	0
S-CV1520-02	69090	80	80	0	0	0	2
S-N340-03	69090	100	100	0	0	0	0
S-N340-08	69090	100	100	0	0	0	2
S-CV1520-04	69090	80	80	0	0	0	0
S-CV149-10	69090	80	80	0	0	0	0
S-N340-04	69090	100	100	0	0	0	1
S-CV1501-04	69090	80	80	0	0	0	0
S-CV149-03	69090	80	80	0	0	0	2
S-CV149-08	69090	80	76	0	0	0	17
S-CV144-02	69090	80	80	0	0	0	5
S-N340a-03	69090	100	100	0	0	0	0
S-CV149-07	69105	80	80	0	0	0	4
S-CV1501-01	69105	80	80	0	0	0	0
S-N340a-01	69105	100	100	0	0	0	3
S-CV1520-01	69105	80	80	0	0	0	0
S-N340-07	69105	100	100	0	0	0	4
S-N340a-06	69105	100	95	0	0	0	6
S-N340-02	69105	100	100	0	0	0	29
S-CV197-01	69105	80	80	0	0	0	1
S-CV149-05	69105	80	80	0	0	0	4
S-CV1520-03	69105	80	80	0	0	0	0
S-N340-05	69105	100	100	0	0	0	13
S-N340a-02	69105	100	100	0	0	0	13
S-CV149-09	69105	80	80	0	0	0	0
S-N340a-04	69105	100	95	0	0	0	7
S-CV1501-03	69105	80	80	0	0	0	0
S-CV149-04	69105	80	80	0	0	0	0
S-CV144-01	69105	80	80	0	0	0	3
S-CV149-02	69105	80	76	0	0	0	35
S-N340a-05	69105	100	100	0	0	0	4
S-N340-01	69105	100	100	0	0	0	11
S-N340-06	69105	100	95	0	0	0	23
S-CV1501-02	69105	80	80	0	0	0	0
S-CV149-01	69105	80	80	0	0	0	6
S-CV149-06	69105	80	80	0	0	0	7
S-CV197-02	69105	80	80	0	0	0	1
S-CV1520-02	69105	80	80	0	0	0	2
S-N340-08	69105	100	100	0	0	0	2
S-N340-03	69105	100	100	0	0	0	0
S-CV149-10	69105	80	80	0	0	0	0
S-CV1520-04	69105	80	80	0	0	0	0
S-N340-04	69105	100	100	0	0	0	0
S-CV1501-04	69105	80	80	0	0	0	0
S-CV149-03	69105	80	80	0	0	0	2
S-CV149-08	69105	80	76	0	0	0	17
S-CV144-02	69105	80	80	0	0	0	5
S-N340a-03	69105	100	100	0	0	0	0
S-CV149-07	69120	80	80	0	0	0	4
S-CV1520-01	69120	80	80	0	0	0	0
S-N340-07	69120	100	100	0	0	0	3
S-CV1501-01	69120	80	80	0	0	0	0
S-N340a-01	69120	100	100	0	0	0	3
S-N340a-06	69120	100	95	0	0	0	6
S-N340-02	69120	100	100	0	0	0	25
S-CV149-05	69120	80	80	0	0	0	3
S-CV1520-03	69120	80	80	0	0	0	0
S-CV149-04	69120	80	80	0	0	0	0
S-CV197-01	69120	80	80	0	0	0	0
S-CV149-09	69120	80	80	0	0	0	0
S-N340a-02	69120	100	100	0	0	0	10
S-N340-05	69120	100	100	0	0	0	12
S-N340a-04	69120	100	95	0	0	0	7
S-CV144-01	69120	80	80	0	0	0	3
S-CV149-02	69120	80	76	0	0	0	35
S-CV1501-03	69120	80	80	0	0	0	0
S-N340a-05	69120	100	100	0	0	0	3
S-N340-01	69120	100	100	0	0	0	11
S-N340-06	69120	100	95	0	0	0	23
S-CV1501-02	69120	80	80	0	0	0	0
S-CV149-01	69120	80	80	0	0	0	6
S-CV197-02	69120	80	80	0	0	0	0
S-CV149-06	69120	80	80	0	0	0	4
S-CV1520-02	69120	80	80	0	0	0	2
S-N340-03	69120	100	100	0	0	0	0
S-N340-08	69120	100	100	0	0	0	2
S-CV1520-04	69120	80	80	0	0	0	3
S-CV144-02	69120	80	80	0	0	0	8
S-CV1501-04	69120	80	80	0	0	0	0
S-CV149-10	69120	80	80	0	0	0	1
S-CV149-03	69120	80	80	0	0	0	2
S-N340a-03	69120	100	100	0	0	0	0
S-CV149-08	69120	80	76	0	0	0	17
S-N340-04	69120	100	100	0	0	0	0
S-CV1520-01	69135	80	80	0	0	0	2
S-CV1501-01	69135	80	80	0	0	0	0
S-N340-07	69135	100	100	0	0	0	2
S-CV149-07	69135	80	80	0	0	0	3
S-N340a-01	69135	100	100	0	0	0	3
S-N340a-06	69135	100	80	0	0	0	9
S-N340-02	69135	100	100	0	0	0	22
S-CV149-05	69135	80	80	0	0	0	3
S-CV197-01	69135	80	80	0	0	0	0
S-CV1520-03	69135	80	80	0	0	0	0
S-CV149-04	69135	80	80	0	0	0	0
S-CV149-09	69135	80	76	0	0	0	3
S-N340a-02	69135	100	100	0	0	0	12
S-N340-05	69135	100	100	0	0	0	14
S-N340a-04	69135	100	100	0	0	0	5
S-CV144-01	69135	80	80	0	0	0	4
S-CV149-02	69135	80	80	0	0	0	34
S-CV1501-03	69135	80	80	0	0	0	0
S-N340a-05	69135	100	100	0	0	0	1
S-N340-01	69135	100	100	0	0	0	14
S-N340-06	69135	100	95	0	0	0	20
S-CV149-01	69135	80	80	0	0	0	7
S-CV1501-02	69135	80	80	0	0	0	0
S-CV149-06	69135	80	80	0	0	0	5
S-CV197-02	69135	80	76	0	0	0	3
S-CV1520-02	69135	80	80	0	0	0	4
S-N340-08	69135	100	100	0	0	0	4
S-N340-03	69135	100	100	0	0	0	0
S-CV149-10	69135	80	80	0	0	0	1
S-CV1520-04	69135	80	80	0	0	0	4
S-N340-04	69135	100	100	0	0	0	0
S-CV1501-04	69135	80	80	0	0	0	0
S-CV149-03	69135	80	80	0	0	0	2
S-CV149-08	69135	80	80	0	0	0	5
S-CV144-02	69135	80	76	0	0	0	18
S-N340a-03	69135	100	100	0	0	0	0
S-N340-07	69150	100	100	0	0	0	1
S-N340a-01	69150	100	100	0	0	0	2
S-CV1501-01	69150	80	80	0	0	0	0
S-CV1520-01	69150	80	80	0	0	0	2
S-CV149-07	69150	80	80	0	0	0	2
S-N340-02	69150	100	100	0	0	0	22
S-CV149-05	69150	80	80	0	0	0	3
S-CV197-01	69150	80	80	0	0	0	0
S-CV149-04	69150	80	80	0	0	0	0
S-CV1520-03	69150	80	80	0	0	0	0
S-CV149-09	69150	80	80	0	0	0	0
S-N340a-02	69150	100	95	0	0	0	14
S-N340a-06	69150	100	95	0	0	0	6
S-N340-05	69150	100	100	0	0	0	12
S-N340a-04	69150	100	100	0	0	0	4
S-CV149-02	69150	80	80	0	0	0	34
S-CV1501-03	69150	80	80	0	0	0	0
S-CV144-01	69150	80	80	0	0	0	4
S-N340a-05	69150	100	100	0	0	0	1
S-N340-01	69150	100	100	0	0	0	14
S-N340-06	69150	100	95	0	0	0	24
S-CV149-01	69150	80	80	0	0	0	7
S-CV149-06	69150	80	80	0	0	0	5
S-CV1520-02	69150	80	80	0	0	0	5
S-CV1501-02	69150	80	80	0	0	0	0
S-CV197-02	69150	80	80	0	0	0	0
S-N340-08	69150	100	100	0	0	0	3
S-N340-03	69150	100	100	0	0	0	0
S-CV149-10	69150	80	80	0	0	0	1
S-CV1501-04	69150	80	80	0	0	0	0
S-CV1520-04	69150	80	80	0	0	0	6
S-CV149-08	69150	80	80	0	0	0	5
S-CV144-02	69150	80	76	0	0	0	18
S-N340-04	69150	100	100	0	0	0	0
S-CV149-03	69150	80	80	0	0	0	0
S-N340a-03	69150	100	100	0	0	0	3
S-CV149-07	69165	80	80	0	0	0	2
S-N340a-01	69165	100	100	0	0	0	2
S-N340a-06	69165	100	65	0	0	0	15
S-CV1520-01	69165	80	80	0	0	0	0
S-N340-07	69165	100	100	0	0	0	0
S-CV1501-01	69165	80	80	0	0	0	0
S-CV197-01	69165	80	80	0	0	0	2
S-CV149-05	69165	80	80	0	0	0	3
S-N340-02	69165	100	100	0	0	0	21
S-CV149-04	69165	80	80	0	0	0	0
S-CV1520-03	69165	80	80	0	0	0	0
S-N340a-02	69165	100	100	0	0	0	11
S-N340-05	69165	100	100	0	0	0	10
S-N340a-04	69165	100	100	0	0	0	4
S-CV149-09	69165	80	80	0	0	0	0
S-CV1501-03	69165	80	80	0	0	0	0
S-CV144-01	69165	80	80	0	0	0	4
S-N340a-05	69165	100	100	0	0	0	2
S-N340-01	69165	100	100	0	0	0	15
S-N340-06	69165	100	95	0	0	0	20
S-CV149-02	69165	80	76	0	0	0	35
S-CV1501-02	69165	80	80	0	0	0	0
S-CV149-01	69165	80	80	0	0	0	7
S-CV149-06	69165	80	80	0	0	0	2
S-N340-08	69165	100	100	0	0	0	2
S-CV1520-02	69165	80	80	0	0	0	5
S-CV197-02	69165	80	80	0	0	0	0
S-N340-03	69165	100	100	0	0	0	0
S-CV149-10	69165	80	80	0	0	0	1
S-CV1520-04	69165	80	80	0	0	0	7
S-N340-04	69165	100	100	0	0	0	0
S-CV1501-04	69165	80	80	0	0	0	0
S-CV149-08	69165	80	80	0	0	0	5
S-CV149-03	69165	80	80	0	0	0	0
S-CV144-02	69165	80	76	0	0	0	16
S-N340a-03	69165	100	100	0	0	0	3
S-CV149-07	69180	80	80	0	0	0	1
S-CV1520-01	69180	80	80	0	0	0	0
S-N340-07	69180	100	100	0	0	0	0
S-CV1501-01	69180	80	80	0	0	0	0
S-N340-02	69180	100	100	0	0	0	22
S-N340a-06	69180	100	80	0	0	0	11
S-N340a-01	69180	100	100	0	0	0	2
S-CV197-01	69180	80	80	0	0	0	0
S-CV149-04	69180	80	80	0	0	0	0
S-CV1520-03	69180	80	80	0	0	0	0
S-CV149-05	69180	80	80	0	0	0	2
S-N340-05	69180	100	100	0	0	0	9
S-N340a-02	69180	100	100	0	0	0	13
S-N340a-04	69180	100	100	0	0	0	5
S-CV144-01	69180	80	80	0	0	0	5
S-N340-01	69180	100	100	0	0	0	15
S-N340-06	69180	100	100	0	0	0	18
S-N340a-05	69180	100	100	0	0	0	1
S-CV149-02	69180	80	80	0	0	0	33
S-CV1501-03	69180	80	80	0	0	0	0
S-CV1501-02	69180	80	80	0	0	0	0
S-CV1520-02	69180	80	80	0	0	0	1
S-N340-08	69180	100	100	0	0	0	2
S-CV149-06	69180	80	80	0	0	0	1
S-CV197-02	69180	80	64	0	0	0	4
S-CV149-09	69180	80	80	0	0	0	0
S-CV149-10	69180	80	80	0	0	0	0
S-CV149-01	69180	80	80	0	0	0	7
S-N340-03	69180	100	100	0	0	0	0
S-CV1520-04	69180	80	80	0	0	0	7
S-N340-04	69180	100	100	0	0	0	2
S-CV144-02	69180	80	76	0	0	0	19
S-CV149-03	69180	80	80	0	0	0	0
S-CV149-08	69180	80	80	0	0	0	0
S-CV1501-04	69180	80	80	0	0	0	0
S-N340a-03	69180	100	100	0	0	0	3
S-N340-07	69195	100	100	0	0	0	0
S-CV1520-01	69195	80	80	0	0	0	1
S-CV1501-01	69195	80	80	0	0	0	0
S-CV149-07	69195	80	80	0	0	0	1
S-N340a-01	69195	100	100	0	0	0	3
S-N340-02	69195	100	100	0	0	0	20
S-N340a-06	69195	100	80	0	0	0	10
S-CV197-01	69195	80	80	0	0	0	1
S-CV149-05	69195	80	80	0	0	0	2
S-CV1520-03	69195	80	80	0	0	0	0
S-CV149-04	69195	80	80	0	0	0	0
S-N340a-02	69195	100	100	0	0	0	11
S-CV149-09	69195	80	80	0	0	0	2
S-N340-05	69195	100	100	0	0	0	8
S-N340a-04	69195	100	100	0	0	0	4
S-CV144-01	69195	80	80	0	0	0	2
S-CV1501-03	69195	80	80	0	0	0	0
S-CV149-02	69195	80	80	0	0	0	28
S-N340a-05	69195	100	95	0	0	0	5
S-N340-06	69195	100	95	0	0	0	20
S-N340-01	69195	100	100	0	0	0	15
S-CV149-01	69195	80	80	0	0	0	8
S-CV1520-02	69195	80	80	0	0	0	2
S-CV197-02	69195	80	40	0	0	0	7
S-N340-08	69195	100	100	0	0	0	5
S-CV149-06	69195	80	80	0	0	0	7
S-CV1501-02	69195	80	80	0	0	0	0
S-N340-03	69195	100	100	0	0	0	0
S-CV149-10	69195	80	80	0	0	0	0
S-CV1520-04	69195	80	80	0	0	0	8
S-N340-04	69195	100	100	0	0	0	5
S-CV1501-04	69195	80	80	0	0	0	0
S-CV149-03	69195	80	80	0	0	0	0
S-CV149-08	69195	80	80	0	0	0	2
S-CV144-02	69195	80	76	0	0	0	19
S-N340a-03	69195	100	100	0	0	0	0
S-CV149-07	69210	80	80	0	0	0	2
S-N340-07	69210	100	100	0	0	0	1
S-CV1520-01	69210	80	80	0	0	0	1
S-CV1501-01	69210	80	80	0	0	0	0
S-N340a-01	69210	100	100	0	0	0	3
S-N340a-06	69210	100	80	0	0	0	10
S-N340-02	69210	100	100	0	0	0	18
S-CV149-05	69210	80	80	0	0	0	2
S-CV197-01	69210	80	80	0	0	0	0
S-CV149-04	69210	80	80	0	0	0	0
S-CV1520-03	69210	80	80	0	0	0	0
S-N340a-02	69210	100	100	0	0	0	11
S-N340-05	69210	100	100	0	0	0	6
S-CV149-09	69210	80	80	0	0	0	0
S-N340a-04	69210	100	100	0	0	0	4
S-CV1501-03	69210	80	80	0	0	0	0
S-CV144-01	69210	80	80	0	0	0	3
S-CV149-02	69210	80	80	0	0	0	28
S-N340a-05	69210	100	100	0	0	0	4
S-N340-01	69210	100	100	0	0	0	15
S-CV1501-02	69210	80	80	0	0	0	0
S-CV149-01	69210	80	80	0	0	0	7
S-N340-06	69210	100	95	0	0	0	24
S-CV197-02	69210	80	64	0	0	0	5
S-CV1520-02	69210	80	80	0	0	0	4
S-N340-08	69210	100	100	0	0	0	3
S-CV149-06	69210	80	80	0	0	0	7
S-N340-03	69210	100	100	0	0	0	0
S-CV1520-04	69210	80	80	0	0	0	9
S-N340-04	69210	100	100	0	0	0	5
S-CV1501-04	69210	80	80	0	0	0	0
S-CV149-10	69210	80	80	0	0	0	0
S-CV149-03	69210	80	80	0	0	0	0
S-CV149-08	69210	80	80	0	0	0	2
S-CV144-02	69210	80	76	0	0	0	19
S-N340a-03	69210	100	100	0	0	0	0
S-N340-07	69225	100	100	0	0	0	1
S-CV149-07	69225	80	80	0	0	0	2
S-CV1520-01	69225	80	80	0	0	0	0
S-CV1501-01	69225	80	80	0	0	0	0
S-N340a-01	69225	100	100	0	0	0	4
S-N340a-06	69225	100	100	0	0	0	0
S-N340-02	69225	100	100	0	0	0	16
S-CV149-05	69225	80	80	0	0	0	2
S-CV197-01	69225	80	80	0	0	0	0
S-CV149-04	69225	80	80	0	0	0	0
S-CV1520-03	69225	80	80	0	0	0	0
S-N340a-02	69225	100	100	0	0	0	12
S-CV149-09	69225	80	80	0	0	0	0
S-N340-05	69225	100	100	0	0	0	9
S-N340a-04	69225	100	95	0	0	0	9
S-CV149-02	69225	80	80	0	0	0	28
S-CV144-01	69225	80	80	0	0	0	3
S-CV1501-03	69225	80	80	0	0	0	0
S-N340a-05	69225	100	100	0	0	0	0
S-N340-01	69225	100	100	0	0	0	16
S-N340-06	69225	100	95	0	0	0	22
S-CV1501-02	69225	80	80	0	0	0	0
S-CV149-01	69225	80	80	0	0	0	7
S-CV149-06	69225	80	80	0	0	0	6
S-CV197-02	69225	80	80	0	0	0	0
S-N340-08	69225	100	100	0	0	0	3
S-CV1520-02	69225	80	76	0	0	0	6
S-N340-03	69225	100	100	0	0	0	0
S-CV1520-04	69225	80	80	0	0	0	11
S-CV1501-04	69225	80	80	0	0	0	0
S-CV149-10	69225	80	80	0	0	0	0
S-CV149-08	69225	80	80	0	0	0	2
S-CV144-02	69225	80	64	0	0	0	20
S-N340a-03	69225	100	100	0	0	0	1
S-CV149-03	69225	80	80	0	0	0	0
S-N340-04	69225	100	100	0	0	0	4
S-CV149-07	69240	80	80	0	0	0	3
S-N340-07	69240	100	100	0	0	0	2
S-CV1520-01	69240	80	80	0	0	0	0
S-CV1501-01	69240	80	80	0	0	0	0
S-N340-02	69240	100	100	0	0	0	16
S-N340a-06	69240	100	100	0	0	0	4
S-N340a-01	69240	100	100	0	0	0	2
S-CV197-01	69240	80	80	0	0	0	1
S-CV149-05	69240	80	80	0	0	0	2
S-CV1520-03	69240	80	80	0	0	0	0
S-N340a-02	69240	100	100	0	0	0	11
S-CV144-01	69240	80	80	0	0	0	2
S-CV149-02	69240	80	80	0	0	0	26
S-N340-05	69240	100	100	0	0	0	8
S-N340a-05	69240	100	100	0	0	0	2
S-CV149-06	69240	80	80	0	0	0	6
S-N340-08	69240	100	100	0	0	0	3
S-CV1520-02	69240	80	80	0	0	0	4
S-CV149-09	69240	80	80	0	0	0	0
S-N340a-04	69240	100	95	0	0	0	9
S-CV149-10	69240	80	80	0	0	0	0
S-CV149-04	69240	80	80	0	0	0	0
S-N340-01	69240	100	100	0	0	0	14
S-CV1501-03	69240	80	80	0	0	0	0
S-CV1520-04	69240	80	80	0	0	0	11
S-CV197-02	69240	80	80	0	0	0	1
S-CV149-01	69240	80	80	0	0	0	7
S-N340-04	69240	100	100	0	0	0	2
S-N340-03	69240	100	100	0	0	0	0
S-N340-06	69240	100	95	0	0	0	21
S-CV149-03	69240	80	80	0	0	0	0
S-CV149-08	69240	80	80	0	0	0	2
S-CV1501-04	69240	80	80	0	0	0	0
S-CV1501-02	69240	80	80	0	0	0	0
S-CV144-02	69240	80	76	0	0	0	17
S-N340a-03	69240	100	100	0	0	0	2
S-CV149-07	69255	80	80	0	0	0	3
S-CV1501-01	69255	80	80	0	0	0	0
S-CV1520-01	69255	80	80	0	0	0	1
S-N340-07	69255	100	100	0	0	0	2
S-N340a-01	69255	100	100	0	0	0	5
S-N340a-06	69255	100	80	0	0	0	8
S-N340-02	69255	100	100	0	0	0	15
S-CV149-05	69255	80	80	0	0	0	2
S-CV197-01	69255	80	80	0	0	0	1
S-CV1520-03	69255	80	80	0	0	0	0
S-CV149-04	69255	80	80	0	0	0	0
S-N340a-02	69255	100	100	0	0	0	9
S-N340-05	69255	100	100	0	0	0	7
S-N340a-04	69255	100	95	0	0	0	9
S-CV149-09	69255	80	76	0	0	0	3
S-CV144-01	69255	80	80	0	0	0	2
S-CV149-02	69255	80	80	0	0	0	22
S-CV1501-03	69255	80	80	0	0	0	0
S-N340a-05	69255	100	100	0	0	0	3
S-N340-01	69255	100	100	0	0	0	15
S-N340-06	69255	100	100	0	0	0	19
S-CV1501-02	69255	80	80	0	0	0	0
S-CV149-01	69255	80	80	0	0	0	7
S-CV149-06	69255	80	80	0	0	0	12
S-CV197-02	69255	80	80	0	0	0	2
S-CV1520-02	69255	80	80	0	0	0	5
S-N340-08	69255	100	100	0	0	0	9
S-CV149-10	69255	80	80	0	0	0	1
S-N340-03	69255	100	100	0	0	0	0
S-CV1520-04	69255	80	80	0	0	0	10
S-N340-04	69255	100	100	0	0	0	1
S-CV149-03	69255	80	80	0	0	0	0
S-CV1501-04	69255	80	80	0	0	0	0
S-CV149-08	69255	80	80	0	0	0	3
S-CV144-02	69255	80	76	0	0	0	15
S-N340a-03	69255	100	100	0	0	0	2
S-CV1520-01	69270	80	80	0	0	0	1
S-CV149-07	69270	80	80	0	0	0	3
S-CV1501-01	69270	80	80	0	0	0	0
S-N340-07	69270	100	100	0	0	0	3
S-N340a-06	69270	100	65	0	0	0	12
S-N340a-01	69270	100	100	0	0	0	4
S-N340-02	69270	100	100	0	0	0	13
S-CV149-05	69270	80	80	0	0	0	3
S-CV197-01	69270	80	80	0	0	0	0
S-CV149-04	69270	80	80	0	0	0	0
S-CV1520-03	69270	80	80	0	0	0	0
S-CV149-09	69270	80	80	0	0	0	0
S-N340a-02	69270	100	100	0	0	0	8
S-N340-05	69270	100	100	0	0	0	6
S-N340a-04	69270	100	80	0	0	0	11
S-CV144-01	69270	80	80	0	0	0	2
S-CV1501-03	69270	80	80	0	0	0	0
S-CV149-02	69270	80	80	0	0	0	22
S-N340-01	69270	100	100	0	0	0	15
S-N340-06	69270	100	95	0	0	0	24
S-N340a-05	69270	100	100	0	0	0	2
S-CV1501-02	69270	80	80	0	0	0	0
S-CV149-01	69270	80	80	0	0	0	7
S-CV149-06	69270	80	80	0	0	0	12
S-CV197-02	69270	80	80	0	0	0	0
S-N340-08	69270	100	100	0	0	0	7
S-CV1520-02	69270	80	80	0	0	0	1
S-N340-03	69270	100	100	0	0	0	0
S-CV149-10	69270	80	80	0	0	0	1
S-N340-04	69270	100	100	0	0	0	6
S-CV1520-04	69270	80	80	0	0	0	9
S-CV1501-04	69270	80	80	0	0	0	0
S-CV149-03	69270	80	80	0	0	0	1
S-CV144-02	69270	80	80	0	0	0	7
S-N340a-03	69270	100	100	0	0	0	2
S-CV149-08	69270	80	80	0	0	0	3
S-CV1520-01	69285	80	80	0	0	0	0
S-CV149-07	69285	80	80	0	0	0	3
S-CV1501-01	69285	80	80	0	0	0	0
S-N340-07	69285	100	100	0	0	0	2
S-N340-02	69285	100	100	0	0	0	13
S-N340a-01	69285	100	100	0	0	0	4
S-N340a-06	69285	100	65	0	0	0	12
S-CV197-01	69285	80	80	0	0	0	2
S-CV149-05	69285	80	80	0	0	0	3
S-CV149-04	69285	80	80	0	0	0	0
S-CV1520-03	69285	80	80	0	0	0	0
S-N340a-02	69285	100	95	0	0	0	14
S-N340-05	69285	100	100	0	0	0	5
S-N340a-04	69285	100	100	0	0	0	2
S-CV149-09	69285	80	80	0	0	0	0
S-CV1501-03	69285	80	80	0	0	0	0
S-CV144-01	69285	80	80	0	0	0	2
S-CV149-02	69285	80	80	0	0	0	23
S-N340a-05	69285	100	95	0	0	0	5
S-N340-01	69285	100	100	0	0	0	14
S-N340-06	69285	100	95	0	0	0	22
S-CV1501-02	69285	80	80	0	0	0	0
S-CV149-01	69285	80	80	0	0	0	7
S-CV149-06	69285	80	80	0	0	0	12
S-CV197-02	69285	80	80	0	0	0	0
S-CV1520-02	69285	80	80	0	0	0	1
S-N340-08	69285	100	100	0	0	0	6
S-N340-03	69285	100	100	0	0	0	0
S-CV149-10	69285	80	80	0	0	0	1
S-CV1520-04	69285	80	80	0	0	0	8
S-N340-04	69285	100	95	0	0	0	9
S-CV1501-04	69285	80	80	0	0	0	0
S-CV149-08	69285	80	80	0	0	0	1
S-CV149-03	69285	80	80	0	0	0	1
S-CV144-02	69285	80	80	0	0	0	8
S-N340a-03	69285	100	100	0	0	0	1
S-CV1520-01	69300	80	80	0	0	0	0
S-CV149-07	69300	80	80	0	0	0	5
S-N340-07	69300	100	100	0	0	0	2
S-CV1501-01	69300	80	80	0	0	0	0
S-N340a-01	69300	100	100	0	0	0	4
S-N340a-06	69300	100	95	0	0	0	7
S-N340-02	69300	100	100	0	0	0	12
S-CV197-01	69300	80	80	0	0	0	2
S-CV149-05	69300	80	80	0	0	0	2
S-CV1520-03	69300	80	80	0	0	0	0
S-CV149-04	69300	80	80	0	0	0	0
S-N340a-02	69300	100	100	0	0	0	13
S-N340-01	69300	100	100	0	0	0	13
S-N340-08	69300	100	100	0	0	0	6
S-CV1501-03	69300	80	80	0	0	0	0
S-N340-06	69300	100	100	0	0	0	18
S-CV1501-02	69300	80	80	0	0	0	0
S-CV1520-02	69300	80	80	0	0	0	0
S-N340a-04	69300	100	80	0	0	0	10
S-CV149-02	69300	80	80	0	0	0	20
S-CV149-01	69300	80	80	0	0	0	4
S-CV197-02	69300	80	64	0	0	0	4
S-CV149-10	69300	80	80	0	0	0	1
S-CV149-09	69300	80	80	0	0	0	0
S-CV144-01	69300	80	80	0	0	0	2
S-N340a-05	69300	100	100	0	0	0	4
S-N340-04	69300	100	65	0	0	0	16
S-CV149-03	69300	80	80	0	0	0	1
S-N340-03	69300	100	100	0	0	0	0
S-CV1501-04	69300	80	80	0	0	0	0
S-CV144-02	69300	80	80	0	0	0	7
S-N340a-03	69300	100	100	0	0	0	1
S-CV149-06	69300	80	80	0	0	0	6
S-CV1520-04	69300	80	80	0	0	0	8
S-CV149-08	69300	80	80	0	0	0	1
S-N340-05	69300	100	100	0	0	0	6
S-CV149-07	69315	80	80	0	0	0	4
S-CV1520-01	69315	80	80	0	0	0	3
S-N340-07	69315	100	100	0	0	0	1
S-CV1501-01	69315	80	80	0	0	0	0
S-N340a-01	69315	100	100	0	0	0	4
S-N340a-06	69315	100	95	0	0	0	6
S-N340-02	69315	100	100	0	0	0	13
S-CV149-05	69315	80	80	0	0	0	2
S-CV197-01	69315	80	80	0	0	0	0
S-CV1520-03	69315	80	80	0	0	0	0
S-CV149-04	69315	80	80	0	0	0	0
S-CV149-09	69315	80	80	0	0	0	2
S-N340a-02	69315	100	95	0	0	0	15
S-N340-05	69315	100	100	0	0	0	9
S-CV144-01	69315	80	80	0	0	0	2
S-CV1501-03	69315	80	80	0	0	0	0
S-N340a-04	69315	100	80	0	0	0	12
S-CV149-02	69315	80	80	0	0	0	14
S-N340a-05	69315	100	100	0	0	0	2
S-N340-01	69315	100	100	0	0	0	14
S-CV1501-02	69315	80	80	0	0	0	0
S-N340-06	69315	100	100	0	0	0	19
S-CV149-01	69315	80	80	0	0	0	4
S-CV149-06	69315	80	80	0	0	0	10
S-CV197-02	69315	80	8	0	0	0	10
S-CV1520-02	69315	80	80	0	0	0	0
S-N340-08	69315	100	100	0	0	0	8
S-N340-03	69315	100	100	0	0	0	0
S-CV149-10	69315	80	80	0	0	0	0
S-CV1520-04	69315	80	80	0	0	0	8
S-N340-04	69315	100	80	0	0	0	12
S-CV1501-04	69315	80	80	0	0	0	0
S-CV144-02	69315	80	80	0	0	0	7
S-CV149-03	69315	80	80	0	0	0	1
S-CV149-08	69315	80	80	0	0	0	7
S-N340a-03	69315	100	100	0	0	0	1
S-CV149-07	69330	80	80	0	0	0	4
S-CV1520-01	69330	80	80	0	0	0	3
S-N340-07	69330	100	100	0	0	0	1
S-N340a-01	69330	100	100	0	0	0	2
S-N340a-06	69330	100	95	0	0	0	7
S-CV1501-01	69330	80	80	0	0	0	0
S-N340-02	69330	100	100	0	0	0	15
S-CV149-05	69330	80	80	0	0	0	2
S-CV149-04	69330	80	80	0	0	0	0
S-CV1520-03	69330	80	80	0	0	0	0
S-CV197-01	69330	80	80	0	0	0	2
S-N340a-02	69330	100	100	0	0	0	11
S-CV149-09	69330	80	80	0	0	0	0
S-N340-05	69330	100	100	0	0	0	10
S-N340a-04	69330	100	65	0	0	0	17
S-CV1501-03	69330	80	80	0	0	0	0
S-CV144-01	69330	80	80	0	0	0	2
S-CV149-02	69330	80	80	0	0	0	13
S-N340a-05	69330	100	100	0	0	0	1
S-N340-01	69330	100	100	0	0	0	14
S-N340-06	69330	100	95	0	0	0	24
S-CV1501-02	69330	80	80	0	0	0	0
S-CV149-01	69330	80	80	0	0	0	3
S-CV149-06	69330	80	80	0	0	0	10
S-CV197-02	69330	80	8	0	0	0	10
S-N340-08	69330	100	100	0	0	0	4
S-CV1520-02	69330	80	80	0	0	0	0
S-N340-03	69330	100	100	0	0	0	0
S-CV1520-04	69330	80	80	0	0	0	7
S-CV149-10	69330	80	80	0	0	0	0
S-N340-04	69330	100	100	0	0	0	4
S-CV1501-04	69330	80	80	0	0	0	0
S-CV149-08	69330	80	80	0	0	0	7
S-CV144-02	69330	80	80	0	0	0	7
S-CV149-03	69330	80	80	0	0	0	1
S-N340a-03	69330	100	100	0	0	0	3
S-N340-07	69345	100	100	0	0	0	1
S-CV1520-01	69345	80	80	0	0	0	0
S-CV1501-01	69345	80	80	0	0	0	0
S-CV149-07	69345	80	80	0	0	0	4
S-N340-02	69345	100	100	0	0	0	17
S-N340a-06	69345	100	100	0	0	0	1
S-N340a-01	69345	100	100	0	0	0	2
S-CV149-05	69345	80	80	0	0	0	2
S-CV197-01	69345	80	80	0	0	0	1
S-CV1520-03	69345	80	80	0	0	0	0
S-CV149-04	69345	80	80	0	0	0	0
S-CV149-09	69345	80	80	0	0	0	0
S-N340a-02	69345	100	100	0	0	0	11
S-N340-05	69345	100	100	0	0	0	10
S-CV1501-03	69345	80	80	0	0	0	0
S-CV149-02	69345	80	80	0	0	0	14
S-N340a-05	69345	100	100	0	0	0	1
S-N340a-04	69345	100	50	0	0	0	21
S-CV144-01	69345	80	80	0	0	0	2
S-N340-01	69345	100	100	0	0	0	16
S-CV1501-02	69345	80	80	0	0	0	0
S-CV149-01	69345	80	80	0	0	0	3
S-N340-06	69345	100	95	0	0	0	21
S-CV149-06	69345	80	80	0	0	0	10
S-N340-08	69345	100	100	0	0	0	2
S-CV1520-02	69345	80	80	0	0	0	0
S-CV197-02	69345	80	8	0	0	0	10
S-CV149-10	69345	80	80	0	0	0	1
S-N340-04	69345	100	80	0	0	0	10
S-N340-03	69345	100	100	0	0	0	0
S-CV1520-04	69345	80	80	0	0	0	6
S-CV1501-04	69345	80	80	0	0	0	0
S-CV149-03	69345	80	80	0	0	0	1
S-CV144-02	69345	80	80	0	0	0	6
S-CV149-08	69345	80	80	0	0	0	6
S-N340a-03	69345	100	100	0	0	0	3
S-CV149-07	69360	80	80	0	0	0	4
S-CV1520-01	69360	80	80	0	0	0	0
S-CV1501-01	69360	80	80	0	0	0	0
S-N340a-06	69360	100	95	0	0	0	5
S-N340-02	69360	100	100	0	0	0	19
S-N340-07	69360	100	100	0	0	0	0
S-N340a-01	69360	100	100	0	0	0	1
S-CV197-01	69360	80	80	0	0	0	0
S-CV149-04	69360	80	80	0	0	0	0
S-N340-05	69360	100	100	0	0	0	7
S-N340a-02	69360	100	100	0	0	0	11
S-CV149-02	69360	80	80	0	0	0	11
S-CV149-06	69360	80	80	0	0	0	4
S-N340-08	69360	100	100	0	0	0	2
S-CV1520-03	69360	80	80	0	0	0	0
S-CV197-02	69360	80	8	0	0	0	13
S-CV149-05	69360	80	80	0	0	0	2
S-CV149-09	69360	80	80	0	0	0	0
S-CV1501-03	69360	80	80	0	0	0	0
S-CV1501-02	69360	80	80	0	0	0	0
S-CV1520-02	69360	80	80	0	0	0	0
S-CV149-10	69360	80	80	0	0	0	2
S-N340a-04	69360	100	50	0	0	0	22
S-CV149-01	69360	80	80	0	0	0	3
S-N340-01	69360	100	100	0	0	0	14
S-N340a-05	69360	100	100	0	0	0	4
S-CV144-01	69360	80	80	0	0	0	1
S-CV149-08	69360	80	80	0	0	0	6
S-N340-03	69360	100	100	0	0	0	0
S-CV149-03	69360	80	80	0	0	0	1
S-N340-04	69360	100	100	0	0	0	6
S-CV1520-04	69360	80	80	0	0	0	4
S-CV144-02	69360	80	80	0	0	0	11
S-N340-06	69360	100	100	0	0	0	17
S-CV1501-04	69360	80	80	0	0	0	0
S-N340a-03	69360	100	100	0	0	0	3
S-CV1520-01	69375	80	80	0	0	0	0
S-CV1501-01	69375	80	80	0	0	0	0
S-N340-07	69375	100	100	0	0	0	0
S-CV149-07	69375	80	80	0	0	0	4
S-N340a-01	69375	100	100	0	0	0	6
S-N340a-06	69375	100	100	0	0	0	4
S-N340-02	69375	100	100	0	0	0	19
S-CV149-05	69375	80	80	0	0	0	2
S-CV197-01	69375	80	64	0	0	0	4
S-CV1520-03	69375	80	80	0	0	0	0
S-CV149-04	69375	80	80	0	0	0	0
S-N340a-02	69375	100	100	0	0	0	9
S-CV149-09	69375	80	80	0	0	0	2
S-N340-05	69375	100	100	0	0	0	8
S-N340a-04	69375	100	50	0	0	0	20
S-CV144-01	69375	80	80	0	0	0	1
S-CV1501-03	69375	80	80	0	0	0	0
S-CV149-02	69375	80	80	0	0	0	9
S-N340a-05	69375	100	95	0	0	0	5
S-N340-01	69375	100	100	0	0	0	17
S-N340-06	69375	100	100	0	0	0	19
S-CV1501-02	69375	80	80	0	0	0	0
S-CV149-01	69375	80	80	0	0	0	6
S-CV149-06	69375	80	80	0	0	0	8
S-N340-08	69375	100	100	0	0	0	4
S-N340-03	69375	100	100	0	0	0	0
S-CV1520-02	69375	80	80	0	0	0	0
S-CV197-02	69375	80	8	0	0	0	13
S-CV149-10	69375	80	80	0	0	0	1
S-CV1520-04	69375	80	80	0	0	0	5
S-N340-04	69375	100	100	0	0	0	6
S-CV1501-04	69375	80	80	0	0	0	0
S-CV144-02	69375	80	80	0	0	0	11
S-CV149-08	69375	80	80	0	0	0	9
S-CV149-03	69375	80	80	0	0	0	1
S-N340a-03	69375	100	100	0	0	0	1
S-CV149-07	69390	80	80	0	0	0	5
S-CV1501-01	69390	80	80	0	0	0	0
S-N340a-01	69390	100	100	0	0	0	6
S-N340-07	69390	100	100	0	0	0	0
S-CV1520-01	69390	80	80	0	0	0	0
S-N340-02	69390	100	100	0	0	0	21
S-N340a-06	69390	100	100	0	0	0	4
S-CV149-05	69390	80	80	0	0	0	2
S-CV1520-03	69390	80	80	0	0	0	0
S-CV149-04	69390	80	80	0	0	0	0
S-CV197-01	69390	80	80	0	0	0	2
S-CV149-09	69390	80	80	0	0	0	0
S-N340a-02	69390	100	100	0	0	0	5
S-N340-05	69390	100	100	0	0	0	9
S-N340a-04	69390	100	10	0	0	0	24
S-CV149-02	69390	80	80	0	0	0	9
S-CV1501-03	69390	80	80	0	0	0	0
S-N340a-05	69390	100	100	0	0	0	4
S-CV144-01	69390	80	80	0	0	0	0
S-CV149-06	69390	80	80	0	0	0	8
S-N340-08	69390	100	100	0	0	0	2
S-CV1501-02	69390	80	80	0	0	0	0
S-CV1520-02	69390	80	80	0	0	0	0
S-N340-01	69390	100	100	0	0	0	17
S-N340-03	69390	100	100	0	0	0	0
S-N340-06	69390	100	95	0	0	0	23
S-CV149-01	69390	80	80	0	0	0	8
S-CV197-02	69390	80	8	0	0	0	13
S-CV1520-04	69390	80	80	0	0	0	4
S-CV149-10	69390	80	80	0	0	0	0
S-CV149-08	69390	80	80	0	0	0	9
S-N340-04	69390	100	100	0	0	0	0
S-CV149-03	69390	80	80	0	0	0	0
S-CV1501-04	69390	80	80	0	0	0	0
S-CV144-02	69390	80	80	0	0	0	10
S-N340a-03	69390	100	100	0	0	0	1
S-CV1520-01	69405	80	80	0	0	0	0
S-N340-07	69405	100	100	0	0	0	0
S-CV149-07	69405	80	80	0	0	0	2
S-CV1501-01	69405	80	80	0	0	0	0
S-N340a-01	69405	100	100	0	0	0	6
S-N340-02	69405	100	100	0	0	0	23
S-N340a-06	69405	100	80	0	0	0	8
S-CV149-05	69405	80	80	0	0	0	1
S-CV1520-03	69405	80	80	0	0	0	0
S-CV149-04	69405	80	80	0	0	0	0
S-CV197-01	69405	80	80	0	0	0	0
S-N340a-02	69405	100	100	0	0	0	4
S-CV149-09	69405	80	80	0	0	0	0
S-N340-05	69405	100	100	0	0	0	11
S-N340a-04	69405	100	10	0	0	0	23
S-CV1501-03	69405	80	80	0	0	0	0
S-CV144-01	69405	80	80	0	0	0	0
S-CV149-02	69405	80	80	0	0	0	13
S-N340-01	69405	100	100	0	0	0	15
S-N340-06	69405	100	95	0	0	0	21
S-N340a-05	69405	100	100	0	0	0	4
S-CV1501-02	69405	80	80	0	0	0	0
S-N340-08	69405	100	100	0	0	0	2
S-CV1520-02	69405	80	80	0	0	0	0
S-CV149-06	69405	80	80	0	0	0	8
S-CV197-02	69405	80	8	0	0	0	13
S-N340-03	69405	100	100	0	0	0	0
S-CV149-01	69405	80	80	0	0	0	7
S-CV1501-04	69405	80	80	0	0	0	0
S-CV1520-04	69405	80	80	0	0	0	5
S-CV149-10	69405	80	80	0	0	0	0
S-CV149-03	69405	80	80	0	0	0	1
S-N340-04	69405	100	100	0	0	0	0
S-CV144-02	69405	80	80	0	0	0	6
S-CV149-08	69405	80	80	0	0	0	3
S-N340a-03	69405	100	100	0	0	0	0
S-CV149-07	69420	80	80	0	0	0	2
S-N340-07	69420	100	100	0	0	0	0
S-CV1520-01	69420	80	80	0	0	0	0
S-CV1501-01	69420	80	80	0	0	0	0
S-N340a-01	69420	100	100	0	0	0	5
S-N340a-06	69420	100	65	0	0	0	13
S-N340-02	69420	100	100	0	0	0	21
S-CV149-05	69420	80	80	0	0	0	1
S-CV1520-03	69420	80	80	0	0	0	0
S-CV149-04	69420	80	80	0	0	0	0
S-N340-05	69420	100	100	0	0	0	12
S-N340a-04	69420	100	65	0	0	0	19
S-CV197-01	69420	80	80	0	0	0	0
S-CV144-01	69420	80	80	0	0	0	0
S-CV149-02	69420	80	80	0	0	0	16
S-N340a-02	69420	100	100	0	0	0	8
S-CV1501-03	69420	80	80	0	0	0	0
S-CV149-09	69420	80	80	0	0	0	0
S-N340a-05	69420	100	95	0	0	0	6
S-CV1501-02	69420	80	80	0	0	0	0
S-CV149-01	69420	80	80	0	0	0	7
S-CV149-06	69420	80	80	0	0	0	4
S-N340-06	69420	100	100	0	0	0	16
S-CV197-02	69420	80	8	0	0	0	13
S-CV1520-02	69420	80	80	0	0	0	0
S-N340-01	69420	100	100	0	0	0	12
S-N340-08	69420	100	100	0	0	0	2
S-N340-03	69420	100	100	0	0	0	0
S-CV1501-04	69420	80	80	0	0	0	0
S-N340-04	69420	100	100	0	0	0	0
S-CV1520-04	69420	80	80	0	0	0	3
S-CV149-10	69420	80	80	0	0	0	0
S-CV149-03	69420	80	80	0	0	0	1
S-CV149-08	69420	80	80	0	0	0	3
S-CV144-02	69420	80	80	0	0	0	8
S-N340a-03	69420	100	100	0	0	0	1
S-CV149-07	69435	80	80	0	0	0	1
S-N340-07	69435	100	100	0	0	0	1
S-CV1520-01	69435	80	80	0	0	0	0
S-CV1501-01	69435	80	80	0	0	0	0
S-N340a-01	69435	100	100	0	0	0	6
S-N340-02	69435	100	100	0	0	0	21
S-N340a-06	69435	100	65	0	0	0	13
S-CV197-01	69435	80	80	0	0	0	1
S-CV1520-03	69435	80	80	0	0	0	0
S-CV149-05	69435	80	80	0	0	0	1
S-CV149-04	69435	80	80	0	0	0	0
S-CV149-09	69435	80	80	0	0	0	0
S-CV149-02	69435	80	80	0	0	0	14
S-N340a-02	69435	100	100	0	0	0	8
S-N340a-04	69435	100	50	0	0	0	20
S-CV144-01	69435	80	80	0	0	0	0
S-CV1501-03	69435	80	80	0	0	0	0
S-N340-05	69435	100	100	0	0	0	12
S-N340a-05	69435	100	95	0	0	0	6
S-N340-01	69435	100	100	0	0	0	13
S-N340-06	69435	100	100	0	0	0	16
S-CV1501-02	69435	80	80	0	0	0	0
S-CV149-01	69435	80	80	0	0	0	8
S-CV149-06	69435	80	80	0	0	0	7
S-CV197-02	69435	80	8	0	0	0	13
S-N340-08	69435	100	100	0	0	0	3
S-CV1520-02	69435	80	80	0	0	0	0
S-N340-03	69435	100	100	0	0	0	0
S-CV149-10	69435	80	80	0	0	0	0
S-CV1520-04	69435	80	80	0	0	0	3
S-CV1501-04	69435	80	80	0	0	0	0
S-N340-04	69435	100	100	0	0	0	0
S-CV149-08	69435	80	80	0	0	0	7
S-CV144-02	69435	80	80	0	0	0	8
S-CV149-03	69435	80	80	0	0	0	1
S-N340a-03	69435	100	100	0	0	0	1
S-CV149-07	69450	80	80	0	0	0	2
S-N340-07	69450	100	100	0	0	0	1
S-CV1520-01	69450	80	80	0	0	0	0
S-CV1501-01	69450	80	80	0	0	0	0
S-N340a-01	69450	100	100	0	0	0	5
S-N340-02	69450	100	100	0	0	0	22
S-N340a-06	69450	100	80	0	0	0	11
S-CV197-01	69450	80	80	0	0	0	0
S-CV149-05	69450	80	80	0	0	0	1
S-CV149-09	69450	80	80	0	0	0	0
S-CV1520-03	69450	80	80	0	0	0	0
S-CV149-04	69450	80	80	0	0	0	0
S-N340-05	69450	100	100	0	0	0	12
S-N340a-02	69450	100	95	0	0	0	14
S-CV144-01	69450	80	80	0	0	0	0
S-CV149-02	69450	80	80	0	0	0	14
S-CV1501-03	69450	80	80	0	0	0	0
S-N340-06	69450	100	100	0	0	0	17
S-N340-01	69450	100	100	0	0	0	13
S-N340a-05	69450	100	100	0	0	0	3
S-CV1501-02	69450	80	80	0	0	0	0
S-CV149-01	69450	80	80	0	0	0	8
S-N340a-04	69450	100	80	0	0	0	14
S-CV149-06	69450	80	80	0	0	0	7
S-CV197-02	69450	80	8	0	0	0	13
S-CV1520-02	69450	80	80	0	0	0	0
S-N340-03	69450	100	100	0	0	0	0
S-CV149-10	69450	80	80	0	0	0	2
S-N340-08	69450	100	100	0	0	0	1
S-CV1520-04	69450	80	80	0	0	0	3
S-N340-04	69450	100	100	0	0	0	1
S-CV149-08	69450	80	80	0	0	0	7
S-CV149-03	69450	80	80	0	0	0	1
S-CV144-02	69450	80	80	0	0	0	8
S-N340a-03	69450	100	100	0	0	0	2
S-CV1501-04	69450	80	80	0	0	0	0
S-CV149-07	69465	80	80	0	0	0	2
S-N340-07	69465	100	100	0	0	0	1
S-CV1501-01	69465	80	80	0	0	0	0
S-CV1520-01	69465	80	80	0	0	0	0
S-N340a-01	69465	100	100	0	0	0	2
S-N340a-06	69465	100	80	0	0	0	11
S-N340-02	69465	100	100	0	0	0	21
S-CV197-01	69465	80	80	0	0	0	0
S-CV149-05	69465	80	80	0	0	0	0
S-CV149-04	69465	80	80	0	0	0	0
S-CV1520-03	69465	80	80	0	0	0	0
S-CV149-09	69465	80	80	0	0	0	0
S-N340a-02	69465	100	95	0	0	0	18
S-N340-05	69465	100	100	0	0	0	12
S-N340a-04	69465	100	65	0	0	0	15
S-CV144-01	69465	80	80	0	0	0	1
S-N340a-05	69465	100	100	0	0	0	2
S-CV1501-03	69465	80	80	0	0	0	0
S-CV1501-02	69465	80	80	0	0	0	0
S-N340-01	69465	100	100	0	0	0	13
S-N340-06	69465	100	100	0	0	0	17
S-CV149-02	69465	80	80	0	0	0	11
S-CV197-02	69465	80	8	0	0	0	10
S-N340-08	69465	100	100	0	0	0	1
S-CV1520-02	69465	80	80	0	0	0	0
S-CV149-01	69465	80	80	0	0	0	8
S-CV149-06	69465	80	80	0	0	0	7
S-N340-03	69465	100	100	0	0	0	0
S-CV149-10	69465	80	80	0	0	0	1
S-N340-04	69465	100	100	0	0	0	1
S-CV1520-04	69465	80	80	0	0	0	5
S-CV1501-04	69465	80	80	0	0	0	0
S-CV149-08	69465	80	80	0	0	0	4
S-CV149-03	69465	80	80	0	0	0	1
S-CV144-02	69465	80	80	0	0	0	6
S-N340a-03	69465	100	100	0	0	0	4
S-CV1520-01	69480	80	80	0	0	0	0
S-CV149-07	69480	80	80	0	0	0	1
S-CV1501-01	69480	80	80	0	0	0	0
S-N340-07	69480	100	100	0	0	0	1
S-N340a-06	69480	100	95	0	0	0	7
S-N340-02	69480	100	100	0	0	0	20
S-N340a-01	69480	100	100	0	0	0	1
S-CV197-01	69480	80	80	0	0	0	0
S-CV1520-03	69480	80	80	0	0	0	0
S-CV149-05	69480	80	80	0	0	0	0
S-CV149-04	69480	80	80	0	0	0	0
S-N340a-02	69480	100	95	0	0	0	19
S-CV149-09	69480	80	80	0	0	0	0
S-CV144-01	69480	80	80	0	0	0	1
S-N340-05	69480	100	100	0	0	0	12
S-CV149-02	69480	80	80	0	0	0	11
S-CV1501-03	69480	80	80	0	0	0	0
S-N340a-04	69480	100	65	0	0	0	16
S-N340a-05	69480	100	100	0	0	0	2
S-N340-01	69480	100	100	0	0	0	12
S-N340-06	69480	100	100	0	0	0	11
S-CV149-06	69480	80	80	0	0	0	3
S-CV1501-02	69480	80	80	0	0	0	0
S-CV149-01	69480	80	80	0	0	0	8
S-N340-08	69480	100	100	0	0	0	1
S-CV197-02	69480	80	8	0	0	0	9
S-CV1520-02	69480	80	80	0	0	0	0
S-N340-03	69480	100	100	0	0	0	0
S-N340-04	69480	100	100	0	0	0	5
S-CV1520-04	69480	80	80	0	0	0	7
S-CV149-10	69480	80	80	0	0	0	1
S-CV144-02	69480	80	80	0	0	0	10
S-CV149-08	69480	80	80	0	0	0	4
S-CV1501-04	69480	80	80	0	0	0	0
S-CV149-03	69480	80	80	0	0	0	1
S-N340a-03	69480	100	100	0	0	0	5
S-N340-07	69495	100	100	0	0	0	2
S-CV1520-01	69495	80	80	0	0	0	2
S-CV1501-01	69495	80	80	0	0	0	0
S-CV149-07	69495	80	80	0	0	0	1
S-N340a-01	69495	100	100	0	0	0	1
S-N340-02	69495	100	100	0	0	0	20
S-N340a-06	69495	100	80	0	0	0	8
S-CV197-01	69495	80	76	0	0	0	3
S-CV149-05	69495	80	80	0	0	0	0
S-CV1520-03	69495	80	80	0	0	0	0
S-CV149-04	69495	80	80	0	0	0	0
S-N340a-02	69495	100	80	0	0	0	23
S-CV149-09	69495	80	76	0	0	0	4
S-N340-05	69495	100	100	0	0	0	11
S-N340a-04	69495	100	80	0	0	0	12
S-CV1501-03	69495	80	80	0	0	0	0
S-CV149-02	69495	80	80	0	0	0	11
S-CV144-01	69495	80	80	0	0	0	1
S-N340-01	69495	100	100	0	0	0	14
S-N340-06	69495	100	100	0	0	0	14
S-CV1501-02	69495	80	80	0	0	0	0
S-N340a-05	69495	100	95	0	0	0	5
S-CV149-01	69495	80	80	0	0	0	11
S-CV149-06	69495	80	80	0	0	0	7
S-CV197-02	69495	80	8	0	0	0	9
S-N340-08	69495	100	100	0	0	0	3
S-CV1520-02	69495	80	80	0	0	0	0
S-N340-03	69495	100	100	0	0	0	0
S-CV1520-04	69495	80	80	0	0	0	8
S-N340-04	69495	100	100	0	0	0	4
S-CV149-10	69495	80	80	0	0	0	0
S-CV1501-04	69495	80	80	0	0	0	0
S-CV149-03	69495	80	80	0	0	0	1
S-CV149-08	69495	80	80	0	0	0	6
S-CV144-02	69495	80	80	0	0	0	10
S-N340a-03	69495	100	100	0	0	0	3
S-CV1520-01	69510	80	80	0	0	0	2
S-CV149-07	69510	80	80	0	0	0	1
S-N340-07	69510	100	100	0	0	0	1
S-N340a-01	69510	100	100	0	0	0	1
S-CV1501-01	69510	80	80	0	0	0	0
S-N340-02	69510	100	100	0	0	0	18
S-N340a-06	69510	100	80	0	0	0	11
S-CV197-01	69510	80	80	0	0	0	0
S-CV149-05	69510	80	80	0	0	0	0
S-CV1520-03	69510	80	80	0	0	0	0
S-CV149-04	69510	80	80	0	0	0	0
S-N340a-02	69510	100	80	0	0	0	24
S-CV149-09	69510	80	76	0	0	0	3
S-N340-05	69510	100	100	0	0	0	12
S-CV144-01	69510	80	80	0	0	0	2
S-CV1501-03	69510	80	80	0	0	0	0
S-CV149-02	69510	80	80	0	0	0	11
S-N340a-04	69510	100	80	0	0	0	11
S-N340a-05	69510	100	95	0	0	0	5
S-N340-01	69510	100	100	0	0	0	14
S-N340-06	69510	100	100	0	0	0	14
S-CV1501-02	69510	80	80	0	0	0	0
S-CV149-01	69510	80	80	0	0	0	14
S-CV149-06	69510	80	80	0	0	0	7
S-CV197-02	69510	80	80	0	0	0	2
S-CV1520-02	69510	80	80	0	0	0	0
S-N340-08	69510	100	100	0	0	0	2
S-CV1520-04	69510	80	80	0	0	0	10
S-N340-04	69510	100	100	0	0	0	4
S-N340-03	69510	100	100	0	0	0	0
S-CV1501-04	69510	80	80	0	0	0	0
S-CV149-10	69510	80	80	0	0	0	0
S-CV149-08	69510	80	80	0	0	0	6
S-CV149-03	69510	80	80	0	0	0	1
S-CV144-02	69510	80	80	0	0	0	10
S-N340a-03	69510	100	100	0	0	0	1
S-CV149-07	69525	80	80	0	0	0	1
S-CV1520-01	69525	80	80	0	0	0	0
S-CV1501-01	69525	80	80	0	0	0	0
S-N340a-06	69525	100	80	0	0	0	9
S-N340-02	69525	100	100	0	0	0	19
S-N340a-01	69525	100	100	0	0	0	0
S-N340-07	69525	100	100	0	0	0	1
S-CV197-01	69525	80	80	0	0	0	2
S-CV149-05	69525	80	80	0	0	0	0
S-CV1520-03	69525	80	80	0	0	0	0
S-N340a-02	69525	100	80	0	0	0	22
S-CV149-09	69525	80	80	0	0	0	0
S-CV149-04	69525	80	80	0	0	0	0
S-N340a-04	69525	100	50	0	0	0	20
S-CV1501-03	69525	80	80	0	0	0	0
S-CV144-01	69525	80	80	0	0	0	2
S-N340-05	69525	100	100	0	0	0	12
S-CV149-02	69525	80	80	0	0	0	12
S-CV149-01	69525	80	80	0	0	0	14
S-N340a-05	69525	100	95	0	0	0	5
S-CV1501-02	69525	80	80	0	0	0	0
S-N340-01	69525	100	100	0	0	0	16
S-CV149-06	69525	80	80	0	0	0	7
S-N340-06	69525	100	100	0	0	0	14
S-CV1520-02	69525	80	80	0	0	0	0
S-CV197-02	69525	80	80	0	0	0	0
S-N340-08	69525	100	100	0	0	0	2
S-N340-03	69525	100	100	0	0	0	0
S-CV149-10	69525	80	80	0	0	0	0
S-CV1520-04	69525	80	80	0	0	0	10
S-N340-04	69525	100	100	0	0	0	0
S-CV1501-04	69525	80	80	0	0	0	0
S-CV149-08	69525	80	80	0	0	0	2
S-CV144-02	69525	80	80	0	0	0	10
S-CV149-03	69525	80	80	0	0	0	0
S-N340a-03	69525	100	100	0	0	0	1
S-CV149-07	69540	80	80	0	0	0	1
S-CV1520-01	69540	80	80	0	0	0	0
S-N340-07	69540	100	100	0	0	0	2
S-CV1501-01	69540	80	80	0	0	0	0
S-N340a-01	69540	100	100	0	0	0	0
S-N340-02	69540	100	100	0	0	0	20
S-N340a-06	69540	100	80	0	0	0	8
S-CV197-01	69540	80	80	0	0	0	2
S-CV1520-03	69540	80	80	0	0	0	0
S-CV149-05	69540	80	80	0	0	0	0
S-CV149-04	69540	80	80	0	0	0	0
S-N340-05	69540	100	100	0	0	0	14
S-CV149-09	69540	80	80	0	0	0	0
S-N340a-02	69540	100	80	0	0	0	25
S-CV1501-03	69540	80	80	0	0	0	0
S-CV144-01	69540	80	80	0	0	0	2
S-N340a-04	69540	100	65	0	0	0	16
S-N340a-05	69540	100	100	0	0	0	3
S-CV149-02	69540	80	80	0	0	0	13
S-N340-01	69540	100	100	0	0	0	14
S-N340-06	69540	100	100	0	0	0	14
S-CV1501-02	69540	80	80	0	0	0	0
S-CV149-01	69540	80	80	0	0	0	13
S-CV149-06	69540	80	80	0	0	0	4
S-N340-08	69540	100	100	0	0	0	2
S-CV1520-02	69540	80	80	0	0	0	0
S-CV197-02	69540	80	80	0	0	0	0
S-N340-03	69540	100	100	0	0	0	0
S-CV149-10	69540	80	80	0	0	0	0
S-CV1520-04	69540	80	80	0	0	0	9
S-CV1501-04	69540	80	80	0	0	0	0
S-CV144-02	69540	80	80	0	0	0	12
S-CV149-08	69540	80	80	0	0	0	2
S-N340a-03	69540	100	100	0	0	0	1
S-N340-04	69540	100	100	0	0	0	0
S-CV149-03	69540	80	80	0	0	0	0
S-CV1520-01	69555	80	80	0	0	0	2
S-CV149-07	69555	80	80	0	0	0	1
S-N340-07	69555	100	100	0	0	0	2
S-CV1501-01	69555	80	80	0	0	0	0
S-N340a-01	69555	100	100	0	0	0	0
S-N340a-06	69555	100	95	0	0	0	7
S-CV197-01	69555	80	80	0	0	0	0
S-CV149-05	69555	80	80	0	0	0	0
S-CV149-04	69555	80	80	0	0	0	0
S-CV1520-03	69555	80	80	0	0	0	0
S-N340-05	69555	100	100	0	0	0	13
S-N340a-02	69555	100	80	0	0	0	26
S-N340-02	69555	100	100	0	0	0	21
S-CV149-09	69555	80	80	0	0	0	1
S-N340a-04	69555	100	65	0	0	0	17
S-CV144-01	69555	80	80	0	0	0	2
S-CV1501-03	69555	80	80	0	0	0	0
S-CV149-02	69555	80	80	0	0	0	12
S-N340-01	69555	100	100	0	0	0	16
S-N340-06	69555	100	100	0	0	0	14
S-N340a-05	69555	100	100	0	0	0	3
S-CV1501-02	69555	80	80	0	0	0	0
S-CV149-01	69555	80	80	0	0	0	14
S-CV149-06	69555	80	80	0	0	0	5
S-CV197-02	69555	80	80	0	0	0	1
S-N340-08	69555	100	100	0	0	0	6
S-CV1520-02	69555	80	80	0	0	0	0
S-N340-03	69555	100	100	0	0	0	0
S-CV1520-04	69555	80	80	0	0	0	9
S-CV1501-04	69555	80	80	0	0	0	0
S-CV149-10	69555	80	80	0	0	0	1
S-CV144-02	69555	80	80	0	0	0	12
S-CV149-08	69555	80	80	0	0	0	6
S-N340a-03	69555	100	100	0	0	0	1
S-CV149-03	69555	80	80	0	0	0	0
S-N340-04	69555	100	100	0	0	0	0
S-CV149-07	69570	80	80	0	0	0	2
S-CV1520-01	69570	80	80	0	0	0	2
S-N340-07	69570	100	100	0	0	0	2
S-CV1501-01	69570	80	80	0	0	0	0
S-N340-02	69570	100	100	0	0	0	24
S-N340a-06	69570	100	100	0	0	0	2
S-N340a-01	69570	100	100	0	0	0	1
S-CV1520-03	69570	80	80	0	0	0	0
S-CV197-01	69570	80	80	0	0	0	0
S-CV149-05	69570	80	80	0	0	0	0
S-CV149-04	69570	80	80	0	0	0	1
S-CV149-09	69570	80	80	0	0	0	0
S-N340a-02	69570	100	80	0	0	0	29
S-N340a-04	69570	100	80	0	0	0	14
S-CV1501-03	69570	80	80	0	0	0	0
S-N340-05	69570	100	100	0	0	0	14
S-CV144-01	69570	80	80	0	0	0	1
S-CV149-02	69570	80	80	0	0	0	11
S-N340-01	69570	100	100	0	0	0	16
S-CV1501-02	69570	80	80	0	0	0	0
S-CV149-01	69570	80	80	0	0	0	14
S-N340-06	69570	100	100	0	0	0	15
S-N340a-05	69570	100	100	0	0	0	2
S-CV149-06	69570	80	80	0	0	0	5
S-CV197-02	69570	80	80	0	0	0	0
S-CV1520-02	69570	80	80	0	0	0	0
S-N340-08	69570	100	100	0	0	0	5
S-N340-03	69570	100	100	0	0	0	0
S-CV1520-04	69570	80	80	0	0	0	9
S-N340-04	69570	100	100	0	0	0	1
S-CV149-10	69570	80	80	0	0	0	0
S-CV149-08	69570	80	80	0	0	0	6
S-CV1501-04	69570	80	80	0	0	0	0
S-CV149-03	69570	80	80	0	0	0	0
S-CV144-02	69570	80	80	0	0	0	12
S-N340a-03	69570	100	100	0	0	0	0
S-CV1520-01	69585	80	80	0	0	0	0
S-CV149-07	69585	80	80	0	0	0	2
S-N340-07	69585	100	100	0	0	0	1
S-N340a-06	69585	100	80	0	0	0	9
S-CV1501-01	69585	80	80	0	0	0	0
S-N340a-01	69585	100	100	0	0	0	1
S-N340-02	69585	100	100	0	0	0	23
S-CV149-09	69585	80	80	0	0	0	0
S-CV149-05	69585	80	80	0	0	0	0
S-CV197-01	69585	80	80	0	0	0	0
S-CV1520-03	69585	80	80	0	0	0	0
S-CV149-04	69585	80	80	0	0	0	1
S-N340a-02	69585	100	95	0	0	0	21
S-N340a-04	69585	100	80	0	0	0	13
S-N340-05	69585	100	100	0	0	0	14
S-CV149-02	69585	80	80	0	0	0	12
S-CV144-01	69585	80	80	0	0	0	1
S-N340a-05	69585	100	100	0	0	0	2
S-CV1501-03	69585	80	80	0	0	0	0
S-CV1501-02	69585	80	80	0	0	0	0
S-N340-01	69585	100	100	0	0	0	17
S-N340-06	69585	100	100	0	0	0	14
S-CV149-01	69585	80	80	0	0	0	14
S-CV149-06	69585	80	80	0	0	0	3
S-N340-08	69585	100	100	0	0	0	4
S-CV197-02	69585	80	80	0	0	0	0
S-CV1520-02	69585	80	80	0	0	0	0
S-N340-03	69585	100	100	0	0	0	0
S-CV149-10	69585	80	80	0	0	0	0
S-CV1520-04	69585	80	80	0	0	0	15
S-N340-04	69585	100	100	0	0	0	1
S-CV149-08	69585	80	80	0	0	0	4
S-CV149-03	69585	80	80	0	0	0	0
S-CV1501-04	69585	80	80	0	0	0	0
S-CV144-02	69585	80	80	0	0	0	9
S-N340a-03	69585	100	100	0	0	0	0
