Name	Time	Type	Distance	Tini	TFin
car720008	314	3	8.009184	72000	72314
car7200020	321	3	8.00914	72000	72321
car720001	329	3	7.6683235	72000	72329
car720003	343	3	8.159734	72000	72343
car7200010	358	3	9.21586	72000	72358
car720007	364	3	8.004999	72000	72364
car720009	364	3	8.008888	72000	72364
car7200016	365	3	8.006944	72000	72365
car7200019	366	3	8.009998	72000	72366
car720005	367	3	8.009168	72000	72367
car7200031	369	3	8.006114	72000	72369
car720604	328	3	7.666108	72060	72388
car720006	390	3	10.276098	72000	72390
car720004	395	3	8.505559	72000	72395
car720600	335	3	7.8583326	72060	72395
car7206010	351	3	8.156389	72060	72411
car7200018	432	3	10.452252	72000	72432
car7206013	372	3	8.20834	72060	72432
car7200027	432	3	10.45142	72000	72432
car7206026	374	3	8.205284	72060	72434
car7200017	449	3	10.456382	72000	72449
car7200024	452	3	11.806361	72000	72452
car7200011	456	3	11.802258	72000	72456
car7206023	398	3	8.70946	72060	72458
car7206036	399	3	8.701684	72060	72459
car720000	475	3	11.803011	72000	72475
car7206032	417	3	9.559428	72060	72477
car7206028	417	3	8.307224	72060	72477
car7212031	362	3	7.8599963	72120	72482
car7206031	424	3	9.417474	72060	72484
car7200022	489	3	10.45055	72000	72489
car7200014	489	3	10.453329	72000	72489
car7200025	489	3	10.45694	72000	72489
car7200026	490	3	11.805511	72000	72490
car720603	431	3	9.750267	72060	72491
car7206020	433	3	9.561643	72060	72493
car7206018	434	3	8.453891	72060	72494
car7206015	434	3	8.452777	72060	72494
car7206017	435	3	8.463611	72060	72495
car7206029	435	3	8.653339	72060	72495
car7200015	502	3	8.35001	72000	72502
car7212023	382	3	8.199998	72120	72502
car7200012	503	3	8.372233	72000	72503
car7200013	503	3	8.358336	72000	72503
car7212024	389	3	8.3605585	72120	72509
car7200023	514	3	8.512235	72000	72514
car7200029	515	3	8.514456	72000	72515
car720002	519	3	10.955835	72000	72519
car7200028	522	3	8.70946	72000	72522
car7200030	523	3	8.715576	72000	72523
car720607	466	3	10.950841	72060	72526
car7212028	410	3	8.705279	72120	72530
car7212029	410	3	8.716112	72120	72530
car7206034	486	3	10.700021	72060	72546
car7206022	487	3	10.720299	72060	72547
car7206011	490	3	11.803618	72060	72550
car721208	431	3	9.7639065	72120	72551
car7206033	491	3	10.252488	72060	72551
car7212018	431	3	8.312787	72120	72551
car7218011	372	3	8.155829	72180	72552
car720606	492	3	10.256377	72060	72552
car7206016	493	3	10.252764	72060	72553
car7206021	515	3	10.756942	72060	72575
car7218030	397	3	9.201663	72180	72577
car7212026	459	3	10.258319	72120	72579
car721806	401	3	7.7138963	72180	72581
car7218024	403	3	8.00027	72180	72583
car721807	403	3	8.002491	72180	72583
car721809	403	3	8.002491	72180	72583
car721800	403	3	8.006103	72180	72583
car7218010	406	3	7.708614	72180	72586
car7218026	406	3	7.702225	72180	72586
car7218025	407	3	7.7133365	72180	72587
car7206027	533	3	10.700576	72060	72593
car7206024	537	3	10.920295	72060	72597
car7206035	540	3	10.908625	72060	72600
car7224030	361	3	7.6555552	72240	72601
car7218016	428	3	8.006673	72180	72608
car7218034	428	3	8.006395	72180	72608
car7212022	489	3	10.750551	72120	72609
car7206038	552	3	7.6658335	72060	72612
car7206014	559	3	7.651387	72060	72619
car720605	559	3	7.669165	72060	72619
car722403	381	3	8.00528	72240	72621
car7224026	381	3	8.004724	72240	72621
car7224033	382	3	8.007779	72240	72622
car721804	442	3	8.00167	72180	72622
car7218036	442	3	8.001391	72180	72622
car7224017	382	3	8.014445	72240	72622
car7200021	623	3	10.963901	72000	72623
car7218032	444	3	8.016393	72180	72624
car7218028	444	3	8.00556	72180	72624
car7212025	505	3	8.118609	72120	72625
car721206	506	3	8.621106	72120	72626
car7218029	454	3	8.302775	72180	72634
car721801	455	3	8.312217	72180	72635
car7218019	458	3	8.404448	72180	72638
car723009	342	3	7.6586137	72300	72642
car7212011	523	3	11.81275	72120	72643
car7230033	344	3	7.653901	72300	72644
car7218022	467	3	10.257208	72180	72647
car7218027	468	3	8.501669	72180	72648
car721202	536	3	11.8013935	72120	72656
car722400	417	3	7.702789	72240	72657
car7224031	417	3	7.7027893	72240	72657
car7212015	542	3	10.753602	72120	72662
car7212019	542	3	10.754715	72120	72662
car7206037	605	3	10.25584	72060	72665
car720601	607	3	10.756396	72060	72667
car7230036	367	3	8.001673	72300	72667
car7206019	608	3	10.255284	72060	72668
car7212017	552	3	10.723895	72120	72672
car721201	553	3	10.70723	72120	72673
car7230028	374	3	8.102773	72300	72674
car7230037	375	3	8.004441	72300	72675
car722406	435	3	10.256392	72240	72675
car7218020	497	3	10.702502	72180	72677
car722407	438	3	8.052792	72240	72678
car7224016	440	3	7.707237	72240	72680
car7212013	565	3	8.950532	72120	72685
car7212016	565	3	8.951088	72120	72685
car7212014	566	3	8.9502535	72120	72686
car7212012	568	3	8.950531	72120	72688
car721803	515	3	10.907786	72180	72695
car7230018	396	3	8.45083	72300	72696
car721207	576	3	10.758607	72120	72696
car7230012	397	3	8.469441	72300	72697
car7212010	577	3	10.765271	72120	72697
car722409	457	3	10.26554	72240	72697
car7224018	458	3	8.056404	72240	72698
car7212027	579	3	12.630284	72120	72699
car7224015	461	3	8.513637	72240	72701
car722405	461	3	8.513357	72240	72701
car720608	647	3	11.097495	72060	72707
car7218031	528	3	11.01084	72180	72708
car7218013	528	3	11.018068	72180	72708
car7218018	528	3	11.023346	72180	72708
car721203	593	3	9.551351	72120	72713
car722404	474	3	10.702756	72240	72714
car7212021	596	3	11.531106	72120	72716
car720609	657	3	11.084158	72060	72717
car7224025	477	3	12.01251	72240	72717
car7224011	478	3	12.00307	72240	72718
car7236017	362	3	9.2180805	72360	72722
car721808	546	3	12.83527	72180	72726
car7236026	375	3	8.118598	72360	72735
car7230026	436	3	7.7105823	72300	72736
car723008	436	3	7.7103047	72300	72736
car7230010	436	3	7.7105823	72300	72736
car7230031	436	3	7.7100267	72300	72736
car7224021	496	3	11.807785	72240	72736
car723001	436	3	7.7108593	72300	72736
car7218035	561	3	11.734448	72180	72741
car7224028	507	3	10.910545	72240	72747
car7230029	449	3	8.011696	72300	72749
car7230034	449	3	8.011696	72300	72749
car7230035	449	3	8.014473	72300	72749
car7230038	449	3	8.013918	72300	72749
car7230030	449	3	8.012808	72300	72749
car7230021	449	3	8.012529	72300	72749
car721802	572	3	11.841118	72180	72752
car7218033	573	3	11.831672	72180	72753
car721805	573	3	11.835283	72180	72753
car7218017	574	3	11.848889	72180	72754
car7218021	574	3	11.851395	72180	72754
car7230016	465	3	10.252478	72300	72765
car7230023	465	3	11.805291	72300	72765
car723007	466	3	10.2647	72300	72766
car7236035	407	3	9.569992	72360	72767
car7236031	407	3	9.563609	72360	72767
car7230011	468	3	11.001982	72300	72768
car7242011	354	3	8.016095	72420	72774
car7236012	417	3	8.750832	72360	72777
car7236036	418	3	8.759996	72360	72778
car7236028	418	3	8.76833	72360	72778
car7236027	418	3	8.767496	72360	72778
car7230032	479	3	10.715302	72300	72779
car723002	479	3	10.719468	72300	72779
car723606	427	3	10.254456	72360	72787
car7230019	488	3	11.020854	72300	72788
car7242010	369	3	7.719164	72420	72789
car724209	369	3	7.7191644	72420	72789
car7230025	494	3	10.705851	72300	72794
car7242014	377	3	9.223302	72420	72797
car7248017	319	3	7.659712	72480	72799
car7242018	380	3	9.201924	72420	72800
car723609	441	3	7.711121	72360	72801
car7236030	441	3	7.711399	72360	72801
car7236013	441	3	7.7116766	72360	72801
car7236019	441	3	7.712232	72360	72801
car7236034	441	3	7.712232	72360	72801
car7236025	441	3	7.713343	72360	72801
car7236022	441	3	10.263313	72360	72801
car7236024	441	3	7.712232	72360	72801
car7248034	325	3	7.6647096	72480	72805
car7236033	452	3	10.7052965	72360	72812
car7236014	456	3	10.715567	72360	72816
car7236010	458	3	8.004453	72360	72818
car7236021	458	3	8.005842	72360	72818
car7236032	458	3	8.005565	72360	72818
car7236016	458	3	8.006675	72360	72818
car723608	458	3	8.007508	72360	72818
car7236029	462	3	8.061678	72360	72822
car724203	407	3	10.262208	72420	72827
car7224012	593	3	7.6560965	72240	72833
car7224027	593	3	7.6599865	72240	72833
car7224020	593	3	7.662485	72240	72833
car721209	717	3	9.550794	72120	72837
car723605	481	3	8.361957	72360	72841
car7236011	481	3	8.361679	72360	72841
car7224032	601	3	7.671934	72240	72841
car7212030	729	3	9.550512	72120	72849
car7248014	369	3	9.215842	72480	72849
car7236018	492	3	11.810259	72360	72852
car7242012	433	3	7.715834	72420	72853
car7248023	374	3	7.7055597	72480	72854
car724803	374	3	7.706393	72480	72854
car7248010	374	3	7.7069488	72480	72854
car725402	319	3	7.6552715	72540	72859
car725407	320	3	7.663603	72540	72860
car723006	561	3	7.672499	72300	72861
car7242017	442	3	10.252763	72420	72862
car7254024	324	3	7.6661253	72540	72864
car724202	444	3	10.703044	72420	72864
car7248019	386	3	9.565256	72480	72866
car7248036	388	3	8.002233	72480	72868
car7248016	389	3	8.01834	72480	72869
car7248024	389	3	8.018618	72480	72869
car724801	389	3	8.018618	72480	72869
car724805	389	3	8.019174	72480	72869
car7242019	451	3	8.05861	72420	72871
car724208	451	3	8.062221	72420	72871
car7242016	452	3	10.2635975	72420	72872
car723600	512	3	11.802764	72360	72872
car724205	458	3	8.002222	72420	72878
car724201	458	3	8.004722	72420	72878
car7230020	578	3	10.659477	72300	72878
car724204	458	3	8.004167	72420	72878
car7230027	578	3	10.661422	72300	72878
car724808	399	3	9.207223	72480	72879
car7230022	590	3	10.955042	72300	72890
car7242020	478	3	8.363618	72420	72898
car724200	478	3	8.366395	72420	72898
car724807	421	3	8.40306	72480	72901
car7248027	427	3	7.709442	72480	72907
car7248015	427	3	7.7108307	72480	72907
car724806	427	3	7.70972	72480	72907
car725408	374	3	7.7119265	72540	72914
car7242015	494	3	11.809954	72420	72914
car7248035	438	3	10.265263	72480	72918
car7224014	678	3	10.264696	72240	72918
car7224023	682	3	10.26918	72240	72922
car7224034	686	3	10.254157	72240	72926
car7248021	447	3	8.05194	72480	72927
car725409	389	3	7.6758385	72540	72929
car7254030	390	3	8.003877	72540	72930
car7254010	390	3	8.004431	72540	72930
car723005	630	3	10.456922	72300	72930
car7254013	391	3	8.0116415	72540	72931
car724804	453	3	8.00778	72480	72933
car724800	453	3	8.009446	72480	72933
car7248025	453	3	8.011112	72480	72933
car7248026	453	3	8.010835	72480	72933
car7248022	453	3	8.011113	72480	72933
car724809	453	3	8.014724	72480	72933
car7248020	454	3	10.26304	72480	72934
car723604	574	3	10.456371	72360	72934
car723601	575	3	10.455824	72360	72935
car7254011	397	3	7.657758	72540	72937
car724207	518	3	10.467203	72420	72938
car723602	580	3	10.458055	72360	72940
car723607	582	3	10.455552	72360	72942
car7254014	404	3	7.6683435	72540	72944
car7236023	586	3	10.657509	72360	72946
car723603	587	3	10.664178	72360	72947
car720602	893	3	8.000303	72060	72953
car7224022	719	3	11.090808	72240	72959
car722402	719	3	11.085253	72240	72959
car722408	721	3	11.095522	72240	72961
car726608	302	3	7.6663923	72660	72962
car725403	422	3	7.703875	72540	72962
car725400	422	3	7.704431	72540	72962
car7236015	605	3	10.964737	72360	72965
car7236020	605	3	10.969734	72360	72965
car7260019	366	3	9.210534	72600	72966
car7248029	486	3	10.9180565	72480	72966
car7248033	491	3	10.708608	72480	72971
car7248011	494	3	11.81692	72480	72974
car7206012	914	3	8.000306	72060	72974
car7206025	915	3	8.000306	72060	72975
car7206030	921	3	8.000306	72060	72981
car7260025	384	3	9.564729	72600	72984
car7218023	804	3	9.750746	72180	72984
car7218012	804	3	9.750468	72180	72984
car721205	864	3	8.950191	72120	72984
car7230014	685	3	11.082489	72300	72985
car7248039	509	3	11.011109	72480	72989
car7212020	869	3	8.451305	72120	72989
car7218014	810	3	9.749915	72180	72990
car721204	870	3	8.451306	72120	72990
car7260011	392	3	8.015261	72600	72992
car7218015	812	3	9.749904	72180	72992
car7254016	454	3	10.708894	72540	72994
car7248012	514	3	11.816652	72480	72994
car7260018	395	3	8.006643	72600	72995
car7254018	458	3	10.710845	72540	72998
car721200	881	3	8.950471	72120	73001
car7254020	462	3	10.7002945	72540	73002
car7254029	464	3	10.703888	72540	73004
car7260013	407	3	9.558893	72600	73007
car7266019	357	3	8.119738	72660	73017
car724206	603	3	10.955287	72420	73023
car7242013	603	3	10.955287	72420	73023
car7248013	544	3	12.64636	72480	73024
car7260023	425	3	7.7052765	72600	73025
car726003	425	3	7.705277	72600	73025
car7260017	425	3	7.7055545	72600	73025
car7248038	554	3	11.843326	72480	73034
car724802	554	3	11.845268	72480	73034
car7248031	556	3	11.84863	72480	73036
car727203	317	3	7.659437	72720	73037
car7272023	317	3	7.657214	72720	73037
car726004	440	3	10.265284	72600	73040
car7260012	441	3	10.253626	72600	73041
car7272024	323	3	7.665022	72720	73043
car7248037	564	3	11.83305	72480	73044
car726603	385	3	7.7083235	72660	73045
car7260014	447	3	10.263878	72600	73047
car7248032	569	3	10.655552	72480	73049
car7248018	572	3	11.834712	72480	73052
car7266011	394	3	8.116689	72660	73054
car726607	397	3	8.019159	72660	73057
car725405	517	3	12.6366625	72540	73057
car7266018	397	3	8.019993	72660	73057
car7266026	397	3	8.019993	72660	73057
car7266027	397	3	8.02027	72660	73057
car7266028	405	3	10.256643	72660	73065
car726006	477	3	10.71532	72600	73077
car7278030	304	3	7.6630516	72780	73084
car7266022	429	3	10.2600155	72660	73089
car7272033	369	3	8.102507	72720	73089
car7254025	552	3	11.095291	72540	73092
car7266024	441	3	7.7130566	72660	73101
car7266015	441	3	7.7127786	72660	73101
car7266021	441	3	7.7127786	72660	73101
car7266012	441	3	7.7127786	72660	73101
car727204	387	3	9.558883	72720	73107
car7272029	388	3	7.713335	72720	73108
car7272015	388	3	7.7130575	72720	73108
car7272018	388	3	7.7136135	72720	73108
car7272013	391	3	10.253888	72720	73111
car7260028	515	3	11.536673	72600	73115
car7260024	516	3	11.546951	72600	73116
car7254012	579	3	10.768902	72540	73119
car7272028	400	3	8.007509	72720	73120
car7254027	581	3	10.759446	72540	73121
car7272030	402	3	8.003889	72720	73122
car7272011	402	3	8.019734	72720	73122
car7254019	584	3	10.763078	72540	73124
car726606	469	3	10.712238	72660	73129
car726007	531	3	10.266128	72600	73131
car727801	352	3	8.374447	72780	73132
car7266014	473	3	8.010836	72660	73133
car7266033	473	3	8.010836	72660	73133
car726604	473	3	8.010836	72660	73133
car7266023	473	3	8.011113	72660	73133
car7266013	473	3	8.010558	72660	73133
car7260030	538	3	8.601676	72600	73138
car7260034	539	3	8.623065	72600	73139
car7260026	540	3	8.615842	72600	73140
car7278011	361	3	7.6711106	72780	73141
car7260032	541	3	8.211111	72600	73141
car7260033	541	3	8.616113	72600	73141
car7260031	541	3	8.214167	72600	73141
car7260021	541	3	8.215834	72600	73141
car7266010	483	3	10.715562	72660	73143
car7278020	370	3	8.354722	72780	73150
car7278029	371	3	9.561667	72780	73151
car726605	496	3	11.815576	72660	73156
car7254022	618	3	11.58529	72540	73158
car725406	618	3	11.5872345	72540	73158
car7254023	621	3	8.907232	72540	73161
car7254015	624	3	8.912233	72540	73164
car725401	624	3	8.910844	72540	73164
car7272025	444	3	7.706108	72720	73164
car725404	624	3	8.913343	72540	73164
car7254026	625	3	8.905844	72540	73165
car7254017	625	3	8.909455	72540	73165
car7284015	325	3	7.858333	72840	73165
car7254021	627	3	8.908898	72540	73167
car7278028	388	3	7.7033334	72780	73168
car7278012	388	3	7.703611	72780	73168
car7278023	388	3	7.719444	72780	73168
car7278010	388	3	7.7155585	72780	73168
car7254028	629	3	12.804757	72540	73169
car726002	572	3	11.092516	72600	73172
car7272017	452	3	10.26863	72720	73172
car727201	452	3	10.271963	72720	73172
car7272012	456	3	10.25973	72720	73176
car7266016	519	3	10.705573	72660	73179
car727803	400	3	8.01002	72780	73180
car727805	401	3	8.014453	72780	73181
car7278015	401	3	8.01473	72780	73181
car727806	402	3	8.018355	72780	73182
car727807	402	3	8.018634	72780	73182
car7278017	402	3	8.019467	72780	73182
car7284010	351	3	8.100566	72840	73191
car7260027	592	3	10.463909	72600	73192
car7266030	535	3	12.631955	72660	73195
car7272027	482	3	11.806703	72720	73202
car727200	487	3	8.006671	72720	73207
car7272026	487	3	8.006393	72720	73207
car727209	487	3	8.007226	72720	73207
car727202	487	3	8.006671	72720	73207
car7272020	487	3	8.008337	72720	73207
car727208	487	3	8.007781	72720	73207
car7272019	487	3	8.007226	72720	73207
car7272010	487	3	8.009171	72720	73207
car7272031	493	3	11.092797	72720	73213
car7278013	433	3	7.7027774	72780	73213
car729007	315	3	7.6522093	72900	73215
car727205	496	3	11.100583	72720	73216
car7290024	317	3	7.654438	72900	73217
car7266025	560	3	11.5358515	72660	73220
car728409	385	3	7.7119694	72840	73225
car728402	398	3	8.018351	72840	73238
car728408	398	3	8.018628	72840	73238
car7284014	398	3	8.020573	72840	73238
car7260010	641	3	8.901382	72600	73241
car726009	641	3	8.902772	72600	73241
car726000	644	3	8.901384	72600	73244
car726008	644	3	8.904441	72600	73244
car7272014	524	3	10.917793	72720	73244
car7260016	644	3	8.902495	72600	73244
car726005	645	3	8.906663	72600	73245
car7260015	645	3	8.9074955	72600	73245
car726001	645	3	8.910551	72600	73245
car726600	590	3	11.0117	72660	73250
car7266029	590	3	11.011422	72660	73250
car7278019	472	3	10.713056	72780	73252
car7266017	594	3	10.459724	72660	73254
car726609	594	3	11.009477	72660	73254
car7266031	594	3	11.016145	72660	73254
car726601	594	3	11.011144	72660	73254
car7272032	536	3	11.818631	72720	73256
car7278026	479	3	8.008616	72780	73259
car727808	479	3	8.009172	72780	73259
car7278014	479	3	8.00695	72780	73259
car7278021	479	3	8.00695	72780	73259
car727809	480	3	11.812769	72780	73260
car7260029	660	3	11.200027	72600	73260
car7260035	660	3	11.207528	72600	73260
car7260022	661	3	11.223916	72600	73261
car7272021	542	3	11.815025	72720	73262
car7278025	482	3	10.706686	72780	73262
car7278024	483	3	10.258899	72780	73263
car7278022	484	3	10.7153	72780	73264
car7290022	364	3	8.101413	72900	73264
car7290011	365	3	8.123634	72900	73265
car729601	307	3	7.6530504	72960	73267
car7284012	431	3	7.711393	72840	73271
car7284013	431	3	7.7119484	72840	73271
car728404	435	3	10.266115	72840	73275
car729006	378	3	9.566935	72900	73278
car7278027	503	3	12.018068	72780	73283
car729001	383	3	7.7144675	72900	73283
car727802	503	3	12.000014	72780	73283
car7290020	383	3	7.7155786	72900	73283
car727207	567	3	10.459165	72720	73287
car7290019	387	3	9.550273	72900	73287
car7272016	569	3	11.73113	72720	73289
car7272022	569	3	10.450555	72720	73289
car728400	450	3	10.457498	72840	73290
car7284018	450	3	10.458887	72840	73290
car727206	572	3	11.734736	72720	73292
car7284017	453	3	10.702781	72840	73293
car7290010	394	3	8.013071	72900	73294
car7290015	394	3	8.014737	72900	73294
car728401	455	3	10.469706	72840	73295
car7266032	637	3	11.842812	72660	73297
car726602	640	3	11.83809	72660	73300
car7266020	641	3	11.839199	72660	73301
car728407	461	3	8.004734	72840	73301
car728406	461	3	8.0044565	72840	73301
car728405	461	3	8.005012	72840	73301
car727804	526	3	11.082225	72780	73306
car7278018	526	3	11.084169	72780	73306
car7260020	707	3	12.044474	72600	73307
car7284016	482	3	10.708344	72840	73322
car7284011	485	3	11.823599	72840	73325
car7278016	548	3	12.83973	72780	73328
car729000	433	3	10.266942	72900	73333
car7290025	433	3	10.2666645	72900	73333
car7290018	434	3	7.71001	72900	73334
car7290013	434	3	7.7111216	72900	73334
car7296015	375	3	8.102208	72960	73335
car7290027	436	3	10.2574835	72900	73336
car727800	556	3	10.459145	72780	73336
car729604	378	3	7.7141747	72960	73338
car729002	441	3	10.25999	72900	73341
car7296020	382	3	9.565001	72960	73342
car7296017	382	3	9.571667	72960	73342
car730204	323	3	7.6655693	73020	73343
car7296010	391	3	9.566104	72960	73351
car7296016	391	3	8.015558	72960	73351
car7296012	391	3	8.015836	72960	73351
car7296026	391	3	8.016113	72960	73351
car729004	451	3	8.0044565	72900	73351
car7290021	451	3	8.004179	72900	73351
car7296013	391	3	8.016113	72960	73351
car7302016	334	3	7.661948	73020	73354
car7302013	335	3	7.651664	73020	73355
car7296024	395	3	10.259144	72960	73355
car728403	525	3	12.648587	72840	73365
car729008	468	3	10.711647	72900	73368
car7290026	472	3	11.08082	72900	73372
car730802	299	3	7.650564	73080	73379
car7296014	425	3	10.269723	72960	73385
car729009	485	3	10.711383	72900	73385
car730202	366	3	8.1047325	73020	73386
car7308033	310	3	7.661403	73080	73390
car7296027	434	3	7.7116804	72960	73394
car7296021	434	3	7.7125134	72960	73394
car7302018	375	3	8.111663	73020	73395
car730201	375	3	8.112775	73020	73395
car7302017	377	3	9.213895	73020	73397
car7302011	378	3	8.100847	73020	73398
car7302015	384	3	9.217784	73020	73404
car7302019	386	3	9.206105	73020	73406
car7302010	386	3	8.009706	73020	73406
car729605	453	3	8.001675	72960	73413
car7296029	453	3	8.001397	72960	73413
car729608	453	3	8.001675	72960	73413
car729602	453	3	8.00112	72960	73413
car7296028	453	3	8.001397	72960	73413
car7296022	453	3	8.001119	72960	73413
car7296023	453	3	8.000564	72960	73413
car729003	516	3	11.538061	72900	73416
car7308012	338	3	7.6561174	73080	73418
car7296018	460	3	10.7050085	72960	73420
car7296019	467	3	11.088891	72960	73427
car7296025	468	3	11.095823	72960	73428
car729603	472	3	10.715007	72960	73432
car729600	482	3	10.700014	72960	73442
car7308021	365	3	8.10581	73080	73445
car7302023	429	3	7.709998	73020	73449
car729607	490	3	10.707767	72960	73450
car730805	372	3	7.7074947	73080	73452
car7308014	372	3	7.7077723	73080	73452
car731400	322	3	7.652224	73140	73462
car729005	564	3	10.462527	72900	73464
car7290023	564	3	10.461971	72900	73464
car7290016	564	3	10.462805	72900	73464
car7302022	444	3	10.250565	73020	73464
car730207	445	3	10.266676	73020	73465
car7290012	565	3	10.461137	72900	73465
car7302024	445	3	10.27112	73020	73465
car730803	385	3	8.009994	73080	73465
car7308029	385	3	8.01055	73080	73465
car7308020	385	3	8.01055	73080	73465
car7290017	565	3	10.45947	72900	73465
car7290014	565	3	10.459748	72900	73465
car7302021	446	3	10.27223	73020	73466
car7302025	456	3	8.000558	73020	73476
car730208	456	3	8.000558	73020	73476
car730200	456	3	8.001114	73020	73476
car730203	456	3	8.000558	73020	73476
car7302026	456	3	8.000835	73020	73476
car730209	456	3	11.805776	73020	73476
car7308032	396	3	10.261374	73080	73476
car7302020	457	3	10.267204	73020	73477
car7308015	398	3	10.256393	73080	73478
car7296011	521	3	11.530845	72960	73481
car7314012	347	3	8.115286	73140	73487
car7314023	362	3	8.122205	73140	73502
car7308022	422	3	7.701103	73080	73502
car730800	423	3	7.717492	73080	73503
car730205	484	3	10.713065	73020	73504
car7302012	485	3	11.095289	73020	73505
car7320013	308	3	7.6577606	73200	73508
car7314020	370	3	7.7035933	73140	73510
car729606	553	3	10.452789	72960	73513
car729609	553	3	10.451678	72960	73513
car7308018	443	3	10.703627	73080	73523
car7314017	384	3	8.011932	73140	73524
car731401	384	3	8.01221	73140	73524
car7314014	384	3	8.012766	73140	73524
car730806	445	3	10.261111	73080	73525
car7308017	450	3	10.253609	73080	73530
car730804	450	3	10.257498	73080	73530
car7308010	451	3	8.011385	73080	73531
car730801	451	3	8.011386	73080	73531
car732000	331	3	7.666393	73200	73531
car730809	451	3	8.011107	73080	73531
car7308026	451	3	8.011107	73080	73531
car7320020	331	3	7.6652813	73200	73531
car7320015	331	3	7.6677814	73200	73531
car730808	451	3	8.012219	73080	73531
car7308016	451	3	8.011663	73080	73531
car7308025	451	3	8.011663	73080	73531
car7308024	451	3	8.011663	73080	73531
car7308011	454	3	10.270296	73080	73534
car732002	334	3	7.661941	73200	73534
car7308023	454	3	10.701952	73080	73534
car7314019	398	3	10.265565	73140	73538
car7320025	342	3	7.663323	73200	73542
car7302014	524	3	11.5333395	73020	73544
car730206	540	3	10.456108	73020	73560
car7308019	484	3	10.723041	73080	73564
car7320010	367	3	9.20223	73200	73567
car732008	368	3	7.718883	73200	73568
car7326014	310	3	7.6677723	73260	73570
car7308031	492	3	11.083874	73080	73572
car7308013	493	3	11.092208	73080	73573
car730807	493	3	11.0952635	73080	73573
car7308028	493	3	11.815256	73080	73573
car7320023	373	3	9.562766	73200	73573
car7308030	494	3	11.100843	73080	73574
car7326011	315	3	7.6763935	73260	73575
car7314010	436	3	10.252225	73140	73576
car731404	437	3	10.271668	73140	73577
car731408	437	3	10.271113	73140	73577
car7314011	439	3	8.005547	73140	73579
car731405	439	3	8.00638	73140	73579
car731406	439	3	8.00638	73140	73579
car7314013	439	3	8.00638	73140	73579
car7314015	441	3	10.261123	73140	73581
car732007	382	3	8.000819	73200	73582
car7314022	469	3	10.722507	73140	73609
car7314021	469	3	10.7219515	73140	73609
car7326028	352	3	8.119711	73260	73612
car7308027	535	3	10.457789	73080	73615
car731402	476	3	11.086102	73140	73616
car731409	478	3	11.08555	73140	73618
car7320026	419	3	10.265533	73200	73619
car732004	420	3	7.7133203	73200	73620
car7320016	427	3	10.268589	73200	73627
car731407	489	3	11.814742	73140	73629
car731403	489	3	11.823376	73140	73629
car7320019	434	3	8.015543	73200	73634
car7320012	434	3	8.015543	73200	73634
car7320021	434	3	8.015543	73200	73634
car7320014	434	3	8.01721	73200	73634
car7326024	381	3	9.56916	73260	73641
car732606	382	3	8.013872	73260	73642
car732009	443	3	10.267787	73200	73643
car7314016	505	3	11.801652	73140	73645
car732602	387	3	9.212216	73260	73647
car7314018	508	3	11.812745	73140	73648
car7326022	400	3	10.263854	73260	73660
car7320011	462	3	10.710283	73200	73662
car7326019	403	3	9.551675	73260	73663
car7326029	409	3	8.108615	73260	73669
car7326012	413	3	8.100002	73260	73673
car7326023	414	3	8.114446	73260	73674
car732605	419	3	8.101411	73260	73679
car732003	481	3	11.081686	73200	73681
car7320024	482	3	11.82355	73200	73682
car732001	483	3	11.811428	73200	73683
car733205	363	3	7.6724977	73320	73683
car733803	304	3	7.6705647	73380	73684
car732005	489	3	11.096654	73200	73689
car732604	430	3	10.2561245	73260	73690
car732600	430	3	10.2561245	73260	73690
car7326016	430	3	7.7002687	73260	73690
car7326018	430	3	7.7013803	73260	73690
car7326010	431	3	7.716103	73260	73691
car7326013	431	3	7.7155476	73260	73691
car7332016	375	3	7.701396	73320	73695
car7332029	375	3	7.701118	73320	73695
car732603	436	3	8.002217	73260	73696
car732601	436	3	8.002217	73260	73696
car7326021	436	3	8.003328	73260	73696
car7326026	436	3	8.003884	73260	73696
car733203	385	3	8.313054	73320	73705
car733202	385	3	8.314165	73320	73705
car7332015	388	3	8.00028	73320	73708
car7332019	388	3	8.00028	73320	73708
car733206	389	3	8.020558	73320	73709
car7338017	333	3	7.6513977	73380	73713
car7338025	333	3	7.66362	73380	73713
car7338014	337	3	7.657767	73380	73717
car7320022	518	3	11.542256	73200	73718
car732006	523	3	11.531164	73200	73723
car7320018	524	3	12.6481	73200	73724
car7332021	418	3	10.268578	73320	73738
car732609	478	3	11.79997	73260	73738
car7338021	359	3	8.103905	73380	73739
car7338030	359	3	8.105294	73380	73739
car7320017	542	3	10.463616	73200	73742
car733808	363	3	8.100845	73380	73743
car7326015	484	3	10.706402	73260	73744
car7332018	429	3	7.702782	73320	73749
car7332026	429	3	7.7038927	73320	73749
car7338022	378	3	7.720837	73380	73758
car7338019	380	3	8.120006	73380	73760
car7332025	443	3	8.008333	73320	73763
car7332010	443	3	8.008333	73320	73763
car733204	443	3	8.008056	73320	73763
car7332023	443	3	8.008332	73320	73763
car733208	443	3	8.008055	73320	73763
car733806	383	3	9.219159	73380	73763
car7332020	443	3	8.008332	73320	73763
car7332027	443	3	8.009444	73320	73763
car7332022	443	3	8.008888	73320	73763
car7332017	443	3	8.009166	73320	73763
car7344020	324	3	7.670012	73440	73764
car7338023	385	3	8.110017	73380	73765
car7338028	393	3	8.009738	73380	73773
car7338013	393	3	8.009738	73380	73773
car7338011	393	3	8.010294	73380	73773
car7338010	393	3	8.010294	73380	73773
car7338020	393	3	8.010294	73380	73773
car732608	519	3	10.701677	73260	73779
car7326025	519	3	10.70279	73260	73779
car7332014	471	3	10.266943	73320	73791
car7332011	471	3	10.2688875	73320	73791
car7332013	471	3	10.269722	73320	73791
car7344012	353	3	8.106125	73440	73793
car733209	475	3	10.258885	73320	73795
car7338029	429	3	7.708619	73380	73809
car733800	429	3	7.708619	73380	73809
car734403	375	3	9.216132	73440	73815
car733201	496	3	11.815844	73320	73816
car734409	377	3	7.7083397	73440	73817
car7332024	498	3	11.8114	73320	73818
car733805	442	3	10.259167	73380	73822
car7338024	442	3	8.011957	73380	73822
car733807	442	3	10.256393	73380	73822
car7338012	442	3	8.01168	73380	73822
car7338015	442	3	8.01168	73380	73822
car7338018	442	3	8.013346	73380	73822
car733801	442	3	8.012791	73380	73822
car732607	565	3	11.536669	73260	73825
car7326020	567	3	11.539464	73260	73827
car7344021	388	3	8.1033325	73440	73828
car7326027	568	3	12.642465	73260	73828
car734405	389	3	8.100833	73440	73829
car7326017	569	3	11.537226	73260	73829
car7350010	330	3	7.65222	73500	73830
car7350025	330	3	7.6524982	73500	73830
car7350019	331	3	7.671109	73500	73831
car7350030	331	3	7.6724977	73500	73831
car7344013	392	3	8.015007	73440	73832
car7344024	392	3	8.015007	73440	73832
car7344014	392	3	8.016118	73440	73832
car734406	395	3	9.219723	73440	73835
car733207	517	3	11.080269	73320	73837
car7332028	517	3	11.081937	73320	73837
car7332030	518	3	11.098884	73320	73838
car7338027	466	3	10.716376	73380	73846
car7350020	356	3	8.101376	73500	73856
car733200	539	3	11.746953	73320	73859
car7332012	541	3	12.633903	73320	73861
car733809	488	3	10.703893	73380	73868
car7338016	488	3	10.700545	73380	73868
car733802	492	3	11.090824	73380	73872
car734404	434	3	10.265571	73440	73874
car7344027	437	3	7.7161207	73440	73877
car735009	377	3	7.705289	73500	73877
car735006	377	3	7.705567	73500	73877
car734400	437	3	7.7155647	73440	73877
car7344025	437	3	7.7155647	73440	73877
car7344015	437	3	7.7158427	73440	73877
car7344019	437	3	7.71612	73440	73877
car734407	437	3	7.7158427	73440	73877
car734402	442	3	8.003623	73440	73882
car7344016	442	3	8.003623	73440	73882
car7344023	442	3	8.003345	73440	73882
car7344010	442	3	8.0033455	73440	73882
car7344022	442	3	8.003623	73440	73882
car7344017	449	3	10.262207	73440	73889
car7350016	390	3	8.003069	73500	73890
car735007	390	3	8.003624	73500	73890
car7356039	335	3	7.669746	73560	73895
car735002	396	3	8.124446	73500	73896
car735000	402	3	10.2686	73500	73902
car7350013	406	3	8.112794	73500	73906
car7338026	530	3	11.5422325	73380	73910
car734401	475	3	11.098077	73440	73915
car735602	355	3	9.203613	73560	73915
car7344011	476	3	11.099729	73440	73916
car7344018	484	3	11.817511	73440	73924
car7350012	429	3	10.261387	73500	73929
car733804	553	3	10.467231	73380	73933
car7356014	378	3	7.7075095	73560	73938
car7356020	378	3	7.707232	73560	73938
car7356027	384	3	9.567758	73560	73944
car7350026	445	3	7.700563	73500	73945
car7350015	445	3	7.700841	73500	73945
car735003	445	3	7.700563	73500	73945
car7350032	446	3	7.71723	73500	73946
car7350022	447	3	8.0016775	73500	73947
car7350023	447	3	8.0014	73500	73947
car7350011	447	3	8.000844	73500	73947
car7356025	387	3	9.565005	73560	73947
car7350017	447	3	8.000844	73500	73947
car7350027	447	3	8.002789	73500	73947
car7350021	449	3	10.719989	73500	73949
car7356040	391	3	9.218874	73560	73951
car7356022	392	3	8.0169525	73560	73952
car7356015	392	3	8.0169525	73560	73952
car7356013	392	3	8.017786	73560	73952
car735609	392	3	8.018619	73560	73952
car735008	454	3	11.8044195	73500	73954
car7350024	467	3	10.700564	73500	73967
car736205	348	3	7.650565	73620	73968
car7356032	411	3	9.558596	73560	73971
car736206	352	3	7.65917	73620	73972
car7344028	533	3	11.534178	73440	73973
car735005	474	3	11.093335	73500	73974
car7356010	417	3	8.12055	73560	73977
car7356030	418	3	8.1105585	73560	73978
car7356019	418	3	8.11167	73560	73978
car735603	421	3	8.104716	73560	73981
car735001	482	3	10.703905	73500	73982
car7350029	486	3	10.7191925	73500	73986
car7344026	549	3	10.463358	73440	73989
car734408	550	3	10.45808	73440	73990
car736204	378	3	9.212775	73620	73998
car7362025	379	3	9.572225	73620	73999
car736802	322	3	7.6619353	73680	74002
car7368022	322	3	7.661658	73680	74002
car7368026	322	3	7.660269	73680	74002
car7356033	443	3	10.703341	73560	74003
car7356016	444	3	10.271385	73560	74004
car7356024	446	3	7.701679	73560	74006
car7356028	446	3	7.701679	73560	74006
car7356038	446	3	7.7027893	73560	74006
car7350018	507	3	10.712496	73500	74007
car7356023	448	3	10.263043	73560	74008
car736201	389	3	8.002777	73620	74009
car735004	509	3	10.714999	73500	74009
car7356029	449	3	8.014735	73560	74009
car735605	449	3	8.01418	73560	74009
car7362021	389	3	8.00361	73620	74009
car735601	449	3	8.01418	73560	74009
car7356012	449	3	8.014458	73560	74009
car735606	449	3	8.01418	73560	74009
car7356035	449	3	8.014458	73560	74009
car7356034	449	3	8.014735	73560	74009
car7362019	389	3	8.004442	73620	74009
car7368016	331	3	7.6580777	73680	74011
car7362016	393	3	9.423074	73620	74013
car736804	337	3	7.8541946	73680	74017
car7356037	473	3	11.090008	73560	74033
car7356041	474	3	11.089174	73560	74034
car7350031	541	3	10.45808	73500	74041
car7350028	544	3	11.530551	73500	74044
car7368023	366	3	8.151959	73680	74046
car7368014	369	3	8.15113	73680	74049
car7362014	434	3	7.7155623	73620	74054
car736208	434	3	7.7155623	73620	74054
car7362017	434	3	10.26777	73620	74054
car7362022	434	3	7.71584	73620	74054
car7362013	434	3	7.7163954	73620	74054
car736200	434	3	7.711951	73620	74054
car7368015	375	3	7.7083507	73680	74055
car7362012	437	3	10.258889	73620	74057
car7350014	558	3	11.548032	73500	74058
car7356026	502	3	11.81054	73560	74062
car736207	442	3	8.009731	73620	74062
car7362010	442	3	8.009454	73620	74062
car7356021	506	3	11.814463	73560	74066
car736809	387	3	8.007492	73680	74067
car736203	449	3	10.715288	73620	74069
car7368020	391	3	9.2161045	73680	74071
car736800	392	3	9.561395	73680	74072
car736801	393	3	9.200267	73680	74073
car7368012	395	3	9.213874	73680	74075
car7362026	458	3	10.251372	73620	74078
car7362011	459	3	10.263594	73620	74079
car7362015	461	3	10.271941	73620	74081
car7362023	464	3	11.809967	73620	74084
car736808	404	3	9.574177	73680	74084
car7374035	346	3	7.6505704	73740	74086
car735607	527	3	10.707488	73560	74087
car7356011	527	3	10.709152	73560	74087
car7356017	527	3	10.718043	73560	74087
car7356031	527	3	10.713877	73560	74087
car735604	529	3	10.708039	73560	74089
car737402	349	3	7.6727905	73740	74089
car7374037	351	3	7.6719627	73740	74091
car7356036	531	3	12.633896	73560	74091
car7368010	421	3	7.708341	73680	74101
car7368018	421	3	7.708896	73680	74101
car7374030	366	3	8.113345	73740	74106
car735600	546	3	10.465571	73560	74106
car7362020	488	3	10.715575	73620	74108
car7374024	368	3	8.10112	73740	74108
car7356018	557	3	12.635541	73560	74117
car7368017	438	3	10.256673	73680	74118
car7374027	379	3	7.706122	73740	74119
car7374023	379	3	7.7174997	73740	74119
car736202	500	3	11.093877	73620	74120
car7368021	442	3	8.002504	73680	74122
car7368028	442	3	8.002504	73680	74122
car736807	442	3	8.002782	73680	74122
car7374017	383	3	8.154197	73740	74123
car7374026	385	3	9.556639	73740	74125
car7374040	386	3	9.565539	73740	74126
car735608	568	3	11.544435	73560	74128
car7374019	388	3	8.00445	73740	74128
car7374013	388	3	8.004728	73740	74128
car7368027	449	3	10.258352	73680	74129
car7368031	450	3	10.461098	73680	74130
car7374039	390	3	8.018064	73740	74130
car7374014	392	3	9.225014	73740	74132
car7380027	334	3	7.6563754	73800	74134
car738008	337	3	7.6655703	73800	74137
car737404	397	3	9.218051	73740	74137
car7374018	403	3	10.266109	73740	74143
car7374012	409	3	10.2636	73740	74149
car7368029	471	3	10.7561035	73680	74151
car7374034	416	3	7.7122293	73740	74156
car7368025	479	3	10.769158	73680	74159
car7368013	484	3	10.718937	73680	74164
car7368019	485	3	11.81142	73680	74165
car7368030	487	3	10.709193	73680	74167
car7362018	550	3	10.462789	73620	74170
car7362024	551	3	12.835536	73620	74171
car7380013	371	3	9.217488	73800	74171
car7380024	373	3	8.114997	73800	74173
car736209	554	3	10.455287	73620	74174
car7380016	378	3	8.119166	73800	74178
car7386026	319	3	7.6602645	73860	74179
car7380011	381	3	7.7080536	73800	74181
car738009	381	3	7.708609	73800	74181
car7380019	388	3	8.004452	73800	74188
car738007	388	3	8.004452	73800	74188
car7380025	388	3	8.005284	73800	74188
car7374025	449	3	10.255261	73740	74189
car7374020	451	3	8.0064	73740	74191
car737407	451	3	8.0064	73740	74191
car7374015	451	3	8.008066	73740	74191
car737405	451	3	8.008345	73740	74191
car7374011	451	3	8.008067	73740	74191
car7380014	391	3	9.570544	73800	74191
car737409	451	3	8.0089	73740	74191
car737408	451	3	8.008622	73740	74191
car737400	451	3	8.008345	73740	74191
car737406	451	3	8.0089	73740	74191
car736803	514	3	11.589184	73680	74194
car7374036	455	3	10.251688	73740	74195
car7386011	336	3	8.16833	73860	74196
car7386029	338	3	8.170537	73860	74198
car737401	462	3	10.27139	73740	74202
car7386027	356	3	8.153878	73860	74216
car7380021	416	3	7.707506	73800	74216
car737403	480	3	10.758357	73740	74220
car7368011	541	3	12.636654	73680	74221
car7386030	364	3	8.101666	73860	74224
car7386014	364	3	8.103056	73860	74224
car739202	304	3	7.6597204	73920	74224
car7374021	487	3	10.713932	73740	74227
car738005	428	3	10.268028	73800	74228
car7374032	492	3	10.772283	73740	74232
car736806	555	3	10.461379	73680	74235
car7374029	496	3	11.082793	73740	74236
car7374016	497	3	11.095577	73740	74237
car736805	557	3	10.461657	73680	74237
car7368024	558	3	10.464991	73680	74238
car7374031	499	3	11.80056	73740	74239
car7386016	379	3	7.7077813	73860	74239
car738608	379	3	7.7211137	73860	74239
car7386013	382	3	9.566367	73860	74242
car738003	444	3	10.2613945	73800	74244
car7386024	386	3	9.5605545	73860	74246
car7386020	387	3	8.002496	73860	74247
car738603	387	3	8.002496	73860	74247
car738000	448	3	10.712795	73800	74248
car7380026	451	3	8.012786	73800	74251
car7380015	451	3	8.014174	73800	74251
car7380010	451	3	8.0147295	73800	74251
car7380017	451	3	8.0147295	73800	74251
car7380022	451	3	8.013618	73800	74251
car738006	451	3	8.0147295	73800	74251
car7386023	398	3	10.258604	73860	74258
car7374038	528	3	11.587792	73740	74268
car7374010	528	3	11.58807	73740	74268
car738001	468	3	10.752208	73800	74268
car7386015	417	3	7.708613	73860	74277
car7374028	537	3	11.589704	73740	74277
car738601	417	3	7.709724	73860	74277
car738602	417	3	7.709724	73860	74277
car738600	417	3	7.709724	73860	74277
car7386021	424	3	10.257524	73860	74284
car738004	486	3	11.098051	73800	74286
car739204	375	3	7.7050133	73920	74295
car7398014	319	3	7.654162	73980	74299
car7380012	500	3	11.593611	73800	74300
car7374022	560	3	12.6335945	73740	74300
car7374033	560	3	12.634428	73740	74300
car7386022	442	3	10.714443	73860	74302
car738606	444	3	8.006669	73860	74304
car7386025	444	3	8.007503	73860	74304
car7386028	444	3	8.008059	73860	74304
car7386017	444	3	10.249994	73860	74304
car738604	444	3	8.008615	73860	74304
car7386010	444	3	8.008892	73860	74304
car738607	444	3	8.009447	73860	74304
car738605	444	3	8.008892	73860	74304
car738609	445	3	10.267773	73860	74305
car7392018	387	3	8.00944	73920	74307
car7392032	389	3	8.008067	73920	74309
car7392028	400	3	10.259992	73920	74320
car7380020	521	3	12.6372385	73800	74321
car7380023	523	3	12.638918	73800	74323
car739207	412	3	7.715272	73920	74332
car739806	352	3	8.100849	73980	74332
car7386012	473	3	11.804976	73860	74333
car738002	542	3	10.453896	73800	74342
car7380018	546	3	10.453895	73800	74346
car7386019	489	3	10.718046	73860	74349
car7398015	370	3	9.207483	73980	74350
car740407	312	3	7.6616497	74040	74352
car7398018	375	3	7.7061057	73980	74355
car7398022	375	3	7.707494	73980	74355
car7392013	435	3	10.254411	73920	74355
car7386018	496	3	11.809702	73860	74356
car7392011	437	3	8.005827	73920	74357
car7392012	437	3	8.007215	73920	74357
car7392023	437	3	8.006937	73920	74357
car7404021	322	3	7.6674824	74040	74362
car7398012	391	3	8.018868	73980	74371
car739807	391	3	8.019146	73980	74371
car7398017	394	3	9.564424	73980	74374
car739206	460	3	10.7147	73920	74380
car7392024	470	3	11.816408	73920	74390
car7398023	411	3	7.713872	73980	74391
car7404016	358	3	8.1074705	74040	74398
car7404017	366	3	8.1191845	74040	74406
car7392029	490	3	11.805519	73920	74410
car740400	375	3	7.700269	74040	74415
car739808	443	3	8.002486	73980	74423
car7398025	443	3	8.00332	73980	74423
car7398026	443	3	8.00332	73980	74423
car7398019	443	3	8.003597	73980	74423
car7398011	443	3	8.003597	73980	74423
car739800	443	3	8.003597	73980	74423
car7404027	384	3	9.203909	74040	74424
car7404020	385	3	9.572775	74040	74425
car7392022	505	3	12.63892	73920	74425
car740405	389	3	8.001643	74040	74429
car7404024	392	3	8.004426	74040	74432
car7404015	392	3	8.004426	74040	74432
car740406	401	3	8.404424	74040	74441
car740403	401	3	8.414991	74040	74441
car739801	472	3	11.811632	73980	74452
car7404013	415	3	7.7044244	74040	74455
car7404012	415	3	7.704424	74040	74455
car7398024	476	3	11.808016	73980	74456
car7416011	306	3	7.6586113	74160	74466
car739803	486	3	10.703623	73980	74466
car740404	436	3	10.255838	74040	74476
car7392033	557	3	10.456689	73920	74477
car7392016	558	3	10.466411	73920	74478
car7410011	380	3	7.7188787	74100	74480
car7410021	380	3	7.7183237	74100	74480
car7410010	391	3	8.009421	74100	74491
car741000	391	3	8.009421	74100	74491
car7404028	453	3	8.002208	74040	74493
car740408	453	3	8.002208	74040	74493
car740402	453	3	8.002485	74040	74493
car7404019	453	3	8.002763	74040	74493
car7404023	453	3	8.003041	74040	74493
car7404011	453	3	8.002486	74040	74493
car7398020	513	3	11.818593	73980	74493
car7398021	524	3	11.83333	73980	74504
car740409	464	3	10.710579	74040	74504
car7404022	466	3	10.720268	74040	74506
car7410016	416	3	7.700266	74100	74516
car7410024	416	3	7.7005434	74100	74516
car7410012	417	3	7.717488	74100	74517
car740401	486	3	10.71614	74040	74526
car739805	551	3	10.462777	73980	74531
car739804	554	3	7.8541636	73980	74534
car7398016	558	3	10.466112	73980	74538
car739802	559	3	7.870542	73980	74539
car7422029	321	3	7.6508217	74220	74541
car7416027	382	3	9.563897	74160	74542
car741001	444	3	10.255826	74100	74544
car741605	386	3	7.7080355	74160	74546
car7416010	386	3	7.7088695	74160	74546
car7416024	386	3	7.708036	74160	74546
car7422030	327	3	7.653594	74220	74547
car7410014	447	3	10.260547	74100	74547
car741002	447	3	10.267215	74100	74547
car7410018	450	3	10.712536	74100	74550
car741009	453	3	8.006947	74100	74553
car741008	453	3	8.006947	74100	74553
car7410013	453	3	8.007502	74100	74553
car7410019	453	3	8.008058	74100	74553
car7410025	453	3	8.008614	74100	74553
car7398013	573	3	7.850547	73980	74553
car741004	453	3	8.00778	74100	74553
car7416018	395	3	8.019975	74160	74555
car741609	395	3	8.020252	74160	74555
car7416012	398	3	9.564749	74160	74558
car7416022	398	3	9.565582	74160	74558
car7416013	400	3	10.250266	74160	74560
car7404018	522	3	11.014465	74040	74562
car741607	403	3	8.309156	74160	74563
car7392025	656	3	7.6588845	73920	74576
car739209	656	3	7.6616626	73920	74576
car7392015	656	3	7.6602736	73920	74576
car739203	656	3	7.6613846	73920	74576
car7392027	656	3	7.658607	73920	74576
car7392026	656	3	7.661107	73920	74576
car7392031	656	3	7.6563835	73920	74576
car7392020	656	3	7.658884	73920	74576
car7416019	417	3	10.265265	74160	74577
car739208	657	3	7.671662	73920	74577
car741003	477	3	10.711418	74100	74577
car7410017	478	3	9.220271	74100	74578
car739201	661	3	8.159171	73920	74581
car7428020	302	3	7.65444	74280	74582
car7416015	423	3	10.267769	74160	74583
car7422020	371	3	8.115837	74220	74591
car7404025	553	3	11.842204	74040	74593
car741007	495	3	10.714757	74100	74595
car7416028	437	3	8.610557	74160	74597
car7404026	557	3	11.844712	74040	74597
car7416025	440	3	8.604442	74160	74600
car7404010	561	3	10.462218	74040	74601
car7404014	562	3	10.464993	74040	74602
car7422028	387	3	7.7024894	74220	74607
car742209	387	3	7.7022114	74220	74607
car7422024	387	3	7.7061014	74220	74607
car741600	452	3	8.008909	74160	74612
car7416023	452	3	8.009465	74160	74612
car741601	452	3	8.011132	74160	74612
car7422010	395	3	7.853056	74220	74615
car7422014	396	3	7.8594456	74220	74616
car7422027	396	3	7.8641677	74220	74616
car742202	396	3	7.868057	74220	74616
car741603	456	3	10.718364	74160	74616
car7422013	396	3	7.871946	74220	74616
car7422021	398	3	8.173889	74220	74618
car7422018	399	3	8.019441	74220	74619
car742207	399	3	8.019441	74220	74619
car7422017	399	3	8.019163	74220	74619
car742203	399	3	8.005566	74220	74619
car742200	399	3	8.020553	74220	74619
car742206	409	3	9.209163	74220	74629
car742208	413	3	9.222769	74220	74633
car7428028	358	3	7.655835	74280	74638
car7398010	660	3	10.463913	73980	74640
car739809	663	3	10.455858	73980	74643
car7410020	559	3	10.461941	74100	74659
car7410023	561	3	10.462499	74100	74661
car742807	384	3	7.7177715	74280	74664
car7392017	747	3	10.25058	73920	74667
car7392019	748	3	10.258913	73920	74668
car7392010	754	3	10.753097	73920	74674
car7410022	575	3	11.814492	74100	74675
car7422011	457	3	8.00752	74220	74677
car742204	457	3	8.007798	74220	74677
car7422019	457	3	8.008353	74220	74677
car7422016	457	3	8.009743	74220	74677
car7422023	457	3	8.008353	74220	74677
car7428025	398	3	8.008889	74280	74678
car742803	398	3	8.009445	74280	74678
car7428016	398	3	8.009723	74280	74678
car7434020	340	3	7.6708403	74340	74680
car743407	340	3	7.65029	74340	74680
car743404	342	3	7.6638827	74340	74682
car741606	524	3	10.917262	74160	74684
car7434027	350	3	8.115564	74340	74690
car7422026	471	3	10.71501	74220	74691
car7416026	535	3	11.200874	74160	74695
car7434025	357	3	8.10029	74340	74697
car7434023	359	3	8.156129	74340	74699
car7416016	540	3	12.005044	74160	74700
car7416020	540	3	12.01699	74160	74700
car7416017	541	3	12.01949	74160	74701
car7416014	546	3	11.733088	74160	74706
car7428021	428	3	7.7111244	74280	74708
car742800	428	3	7.711958	74280	74708
car742809	428	3	7.7114024	74280	74708
car7428030	428	3	7.712513	74280	74708
car742801	433	3	10.256388	74280	74713
car7428012	433	3	10.260549	74280	74713
car741005	617	3	12.632263	74100	74717
car7392021	798	3	11.093077	73920	74718
car7392014	799	3	11.087521	73920	74719
car739205	799	3	11.088352	73920	74719
car739200	800	3	11.090019	73920	74720
car7422025	500	3	10.450286	74220	74720
car742205	500	3	10.468619	74220	74720
car743402	381	3	7.7014017	74340	74721
car7434013	382	3	7.720846	74340	74722
car7410015	622	3	11.838919	74100	74722
car7422012	503	3	10.7561245	74220	74723
car741604	563	3	10.464168	74160	74723
car741602	563	3	10.463334	74160	74723
car742804	443	3	10.256399	74280	74723
car742201	503	3	10.757512	74220	74723
car7392030	806	3	11.58976	73920	74726
car741006	626	3	12.643653	74100	74726
car7416021	570	3	11.733663	74160	74730
car744001	331	3	7.66502	74400	74731
car741608	571	3	11.743086	74160	74731
car7434018	395	3	8.014722	74340	74735
car7434019	395	3	8.015	74340	74735
car7434022	395	3	8.015	74340	74735
car743403	395	3	8.016389	74340	74735
car7428018	461	3	8.001964	74280	74741
car7428033	461	3	8.001964	74280	74741
car742805	461	3	8.003075	74280	74741
car742802	461	3	8.003908	74280	74741
car7428019	461	3	8.003908	74280	74741
car7428027	461	3	8.004463	74280	74741
car7428024	461	3	8.005574	74280	74741
car7428022	461	3	8.005852	74280	74741
car7428031	461	3	8.004463	74280	74741
car7428011	461	3	8.005297	74280	74741
car7428032	475	3	10.261401	74280	74755
car7428029	475	3	10.263346	74280	74755
car7428023	475	3	10.266957	74280	74755
car7428026	481	3	10.719145	74280	74761
car7422015	542	3	11.298055	74220	74762
car7422022	544	3	11.585003	74220	74764
car7428015	486	3	10.772801	74280	74766
car743409	433	3	7.705294	74340	74773
car743400	433	3	7.7064047	74340	74773
car743405	433	3	7.7058496	74340	74773
car7434010	433	3	7.7058496	74340	74773
car744002	376	3	9.210005	74400	74776
car7440016	379	3	7.718897	74400	74779
car7434021	440	3	10.258617	74340	74780
car7428017	510	3	11.804462	74280	74790
car7440021	391	3	8.014713	74400	74791
car7434015	456	3	8.00085	74340	74796
car7434026	456	3	8.00085	74340	74796
car7428014	516	3	11.0839	74280	74796
car743401	456	3	8.002238	74340	74796
car7428010	516	3	11.094177	74280	74796
car7446010	343	3	7.656935	74460	74803
car7434016	464	3	10.262784	74340	74804
car7434017	464	3	10.266118	74340	74804
car743408	464	3	10.709179	74340	74804
car742806	527	3	11.590579	74280	74807
car7446031	349	3	7.658077	74460	74809
car744007	419	3	10.255809	74400	74819
car7434012	481	3	10.75721	74340	74821
car7446032	366	3	8.170273	74460	74826
car7446033	366	3	8.1539	74460	74826
car7428013	547	3	12.640571	74280	74827
car744603	368	3	9.560016	74460	74828
car745208	314	3	7.661656	74520	74834
car744004	435	3	7.700284	74400	74835
car7440022	435	3	7.700562	74400	74835
car7440025	435	3	7.700562	74400	74835
car7440010	435	3	7.7002845	74400	74835
car7446021	378	3	7.7044454	74460	74838
car7446022	378	3	7.7058344	74460	74838
car7446015	378	3	7.7058344	74460	74838
car742808	559	3	10.461688	74280	74839
car743406	504	3	11.089165	74340	74844
car744605	387	3	9.208867	74460	74847
car7446026	390	3	8.007485	74460	74850
car7446027	390	3	8.007485	74460	74850
car7446011	390	3	8.009152	74460	74850
car7440024	458	3	10.253067	74400	74858
car744000	458	3	10.254178	74400	74858
car7434014	519	3	11.583613	74340	74859
car7440020	460	3	8.004457	74400	74860
car744005	460	3	8.005846	74400	74860
car7440014	460	3	8.0061245	74400	74860
car7440015	460	3	8.007513	74400	74860
car7440013	460	3	8.007514	74400	74860
car744008	460	3	8.007513	74400	74860
car7452026	341	3	7.664988	74520	74861
car7452016	343	3	7.650546	74520	74863
car7446014	403	3	9.561396	74460	74863
car7440026	468	3	10.712808	74400	74868
car7440011	476	3	10.755288	74400	74876
car744003	477	3	10.715016	74400	74877
car7440019	477	3	10.701964	74400	74877
car7440023	477	3	10.766119	74400	74877
car744006	477	3	10.76723	74400	74877
car7452028	368	3	9.553625	74520	74888
car7458019	312	3	7.655575	74580	74892
car7452029	375	3	7.7072167	74520	74895
car744608	439	3	7.7041826	74460	74899
car744009	499	3	11.08752	74400	74899
car7440018	499	3	11.086686	74400	74899
car7446020	439	3	7.7055717	74460	74899
car744604	439	3	7.7050166	74460	74899
car7440012	499	3	11.084465	74400	74899
car7446013	439	3	7.70585	74460	74899
car744602	439	3	7.7061276	74460	74899
car7434011	562	3	10.455029	74340	74902
car7452018	388	3	8.014421	74520	74908
car745207	388	3	8.015254	74520	74908
car7452024	388	3	8.015254	74520	74908
car7434024	568	3	10.461411	74340	74908
car7452015	388	3	8.016366	74520	74908
car7446024	460	3	10.270861	74460	74920
car7446029	461	3	10.256137	74460	74921
car7446034	466	3	8.005016	74460	74926
car7446017	466	3	8.006405	74460	74926
car7446036	466	3	8.006405	74460	74926
car7446028	466	3	8.006683	74460	74926
car744607	466	3	8.005294	74460	74926
car744600	466	3	8.006406	74460	74926
car744606	466	3	8.006961	74460	74926
car745801	352	3	8.158861	74580	74932
car7446025	475	3	10.719732	74460	74935
car745201	421	3	10.268033	74520	74941
car7446016	484	3	10.764986	74460	74944
car7440017	546	3	12.64502	74400	74946
car7458013	372	3	7.7011147	74580	74952
car745802	373	3	7.7211146	74580	74953
car7452022	439	3	7.7047343	74520	74959
car746404	319	3	7.659727	74640	74959
car7452027	439	3	7.7066784	74520	74959
car7452030	439	3	7.706957	74520	74959
car744601	502	3	11.096683	74460	74962
car7446019	503	3	11.083627	74460	74963
car744609	503	3	11.08196	74460	74963
car7446035	506	3	11.815292	74460	74966
car7440027	569	3	10.45583	74400	74969
car745805	395	3	9.551378	74580	74975
car745803	395	3	9.552489	74580	74975
car7458016	395	3	9.552211	74580	74975
car7458011	396	3	9.574987	74580	74976
car7464029	343	3	7.657804	74640	74983
car7446030	524	3	11.58446	74460	74984
car7452011	465	3	8.003064	74520	74985
car745206	465	3	8.003898	74520	74985
car745203	465	3	8.003898	74520	74985
car7452010	465	3	8.005565	74520	74985
car7452025	465	3	8.00612	74520	74985
car7452013	465	3	8.004454	74520	74985
car7464016	347	3	8.174728	74640	74987
car7458017	408	3	9.573065	74580	74988
car7464010	353	3	8.168321	74640	74993
car746401	364	3	8.107228	74640	75004
car745200	487	3	10.706389	74520	75007
car7446012	547	3	12.631403	74460	75007
car7464017	368	3	8.121398	74640	75008
car745800	434	3	10.257766	74580	75014
car7452020	494	3	11.094458	74520	75014
car745202	496	3	11.810808	74520	75016
car7452017	496	3	11.081399	74520	75016
car7452031	497	3	11.096399	74520	75017
car7458015	438	3	7.705005	74580	75018
car745806	438	3	7.70556	74580	75018
car7446023	560	3	12.6474905	74460	75020
car746405	384	3	8.011368	74640	75024
car7464020	384	3	8.011924	74640	75024
car7452032	505	3	11.812258	74520	75025
car7470019	326	3	7.658333	74700	75026
car7470017	326	3	7.6572223	74700	75026
car7470016	327	3	7.650564	74700	75027
car7470020	328	3	7.6508226	74700	75028
car7446018	568	3	10.453623	74460	75028
car7452012	508	3	11.598897	74520	75028
car745807	450	3	10.260264	74580	75030
car7470014	331	3	7.6649885	74700	75031
car7464018	391	3	9.571372	74640	75031
car745808	464	3	8.00278	74580	75044
car7458010	464	3	8.003058	74580	75044
car7458012	464	3	8.003891	74580	75044
car746409	404	3	9.558064	74640	75044
car7458018	464	3	10.75055	74580	75044
car7470022	347	3	8.154454	74700	75047
car746402	411	3	10.253876	74640	75051
car746400	412	3	9.572486	74640	75052
car7452021	535	3	12.632208	74520	75055
car7452023	536	3	12.647207	74520	75056
car7458021	478	3	11.093864	74580	75058
car745209	547	3	12.642198	74520	75067
car7464021	429	3	10.265018	74640	75069
car747608	310	3	7.6533337	74760	75070
car7464032	431	3	10.253056	74640	75071
car747006	373	3	7.7205496	74700	75073
car7470026	373	3	9.574986	74700	75073
car7464028	434	3	10.270574	74640	75074
car7476026	314	3	7.659452	74760	75074
car7464014	439	3	10.713886	74640	75079
car746407	442	3	10.258066	74640	75082
car7464015	442	3	10.259177	74640	75082
car7464023	442	3	10.259454	74640	75082
car7464027	445	3	10.271099	74640	75085
car7464026	447	3	7.713051	74640	75087
car7464012	447	3	7.713051	74640	75087
car745809	507	3	11.588047	74580	75087
car7464019	447	3	7.713606	74640	75087
car747005	388	3	8.020278	74700	75088
car7470018	388	3	8.020278	74700	75088
car745804	508	3	11.581688	74580	75088
car7458022	510	3	11.600294	74580	75090
car745204	574	3	10.454722	74520	75094
car7452019	577	3	10.456669	74520	75097
car745205	579	3	10.45861	74520	75099
car7452014	579	3	10.461109	74520	75099
car746408	470	3	8.009161	74640	75110
car7464030	470	3	8.009717	74640	75110
car746406	470	3	8.0099945	74640	75110
car7464024	470	3	8.011106	74640	75110
car747008	420	3	10.255812	74700	75120
car7464022	482	3	11.085554	74640	75122
car7482016	307	3	7.668609	74820	75127
car7464011	488	3	11.089193	74640	75128
car747605	373	3	9.566665	74760	75133
car7476012	376	3	7.718056	74760	75136
car747602	376	3	7.7175007	74760	75136
car7482015	322	3	7.659985	74820	75142
car7476020	382	3	9.212226	74760	75142
car747607	392	3	8.010852	74760	75152
car7476017	392	3	8.010852	74760	75152
car7476021	392	3	8.011129	74760	75152
car7458014	573	3	10.46165	74580	75153
car7476024	393	3	8.002521	74760	75153
car747000	458	3	7.699989	74700	75158
car7470013	458	3	7.7002664	74700	75158
car7470021	458	3	7.699989	74700	75158
car747004	458	3	7.7002664	74700	75158
car7470023	458	3	7.699989	74700	75158
car7470025	458	3	7.700822	74700	75158
car7470027	459	3	7.7136006	74700	75159
car7458020	579	3	10.451927	74580	75159
car7470010	459	3	7.7149887	74700	75159
car747009	459	3	7.715266	74700	75159
car747601	408	3	10.262229	74760	75168
car7482030	350	3	8.170559	74820	75170
car7470011	475	3	8.008046	74700	75175
car7470015	475	3	8.008601	74700	75175
car747007	476	3	10.706106	74700	75176
car748204	356	3	8.156653	74820	75176
car7482033	358	3	8.111116	74820	75178
car748208	358	3	8.160847	74820	75178
car7470012	487	3	11.58218	74700	75187
car747002	487	3	11.590791	74700	75187
car747003	495	3	11.823034	74700	75195
car747604	437	3	10.263329	74760	75197
car7482027	379	3	7.7074986	74820	75199
car7476016	447	3	10.750806	74760	75207
car747606	448	3	10.768861	74760	75208
car7476032	449	3	10.764994	74760	75209
car7482014	396	3	8.014726	74820	75216
car7482020	396	3	8.015281	74820	75216
car7482034	396	3	8.014726	74820	75216
car7482019	396	3	8.014726	74820	75216
car7482032	396	3	8.015003	74820	75216
car748209	397	3	10.260276	74820	75217
car7476022	459	3	7.6999865	74760	75219
car7476018	459	3	7.6999865	74760	75219
car747600	460	3	7.7144303	74760	75220
car7476013	460	3	7.715542	74760	75220
car7476029	461	3	11.090518	74760	75221
car748200	402	3	9.562783	74820	75222
car7464013	583	3	10.4516535	74640	75223
car7476015	463	3	11.087488	74760	75223
car746403	583	3	10.453875	74640	75223
car7464025	588	3	10.458315	74640	75228
car7464031	588	3	10.462759	74640	75228
car747609	469	3	10.702498	74760	75229
car7476023	472	3	10.707207	74760	75232
car7476030	474	3	11.809681	74760	75234
car747603	478	3	10.717211	74760	75238
car7482012	418	3	10.256073	74820	75238
car7488030	359	3	9.215826	74880	75239
car7476019	484	3	8.004153	74760	75244
car7476011	484	3	8.004708	74760	75244
car7476014	484	3	8.006098	74760	75244
car7476031	484	3	8.007486	74760	75244
car7476028	484	3	8.007486	74760	75244
car7476027	484	3	8.007208	74760	75244
car7476010	488	3	11.600541	74760	75248
car7488010	374	3	9.555546	74880	75254
car7488042	379	3	7.7105536	74880	75259
car7488019	385	3	7.671092	74880	75265
car7494014	327	3	7.6524897	74940	75267
car7476025	512	3	11.822765	74760	75272
car748803	395	3	8.012778	74880	75275
car7488026	395	3	8.012779	74880	75275
car748809	396	3	8.000836	74880	75276
car7488015	396	3	8.001115	74880	75276
car748800	396	3	8.017516	74880	75276
car748202	456	3	10.759696	74820	75276
car748206	459	3	7.700543	74820	75279
car748201	459	3	7.700543	74820	75279
car7482025	459	3	7.7010984	74820	75279
car7482028	459	3	7.700821	74820	75279
car748203	459	3	7.7016544	74820	75279
car7482011	460	3	7.7149878	74820	75280
car7488022	401	3	10.251942	74880	75281
car7488041	403	3	7.6541643	74880	75283
car747001	588	3	10.461653	74700	75288
car7470024	591	3	10.4619255	74700	75291
car7488032	412	3	10.268038	74880	75292
car7482023	475	3	10.701137	74820	75295
car7494023	357	3	8.1052885	74940	75297
car748805	425	3	8.15722	74880	75305
car7488027	426	3	8.17361	74880	75306
car7488033	428	3	8.173067	74880	75308
car7500025	308	3	7.655548	75000	75308
car7488035	429	3	8.166682	74880	75309
car748205	491	3	8.00027	74820	75311
car7482024	491	3	8.000271	74820	75311
car7482031	491	3	8.000271	74820	75311
car7482013	491	3	8.000271	74820	75311
car7482029	491	3	8.002214	74820	75311
car7482017	491	3	8.002214	74820	75311
car7482018	492	3	8.01527	74820	75312
car7482010	492	3	8.016104	74820	75312
car7482026	495	3	11.81387	74820	75315
car7482021	496	3	11.816436	74820	75316
car749400	377	3	7.863335	74940	75317
car7494030	377	3	7.8572307	74940	75317
car7482022	498	3	11.598846	74820	75318
car749406	380	3	9.55637	74940	75320
car748808	444	3	10.708916	74880	75324
car7488017	447	3	10.258609	74880	75327
car750009	329	3	7.6649857	75000	75329
car7494025	394	3	8.002783	74940	75334
car7494022	394	3	8.003339	74940	75334
car749404	395	3	8.009716	74940	75335
car7494027	398	3	9.204997	74940	75338
car748807	459	3	7.7141576	74880	75339
car7488037	459	3	7.714435	74880	75339
car7488038	459	3	7.714713	74880	75339
car748207	520	3	12.64552	74820	75340
car7500023	345	3	7.663326	75000	75345
car7494031	418	3	10.264699	74940	75358
car750006	368	3	8.153615	75000	75368
car750001	368	3	8.154171	75000	75368
car7500022	369	3	8.1574955	75000	75369
car7500018	370	3	8.171958	75000	75370
car7488025	492	3	8.003327	74880	75372
car7488014	492	3	10.263333	74880	75372
car748802	492	3	8.003327	74880	75372
car748801	492	3	8.004717	74880	75372
car748804	492	3	8.004717	74880	75372
car7488034	492	3	8.004439	74880	75372
car7488023	492	3	8.005272	74880	75372
car7488016	492	3	8.00555	74880	75372
car7488024	492	3	8.005549	74880	75372
car7488028	492	3	8.00666	74880	75372
car7488029	492	3	8.006939	74880	75372
car7506027	314	3	7.6627703	75060	75374
car7506030	314	3	7.663048	75060	75374
car7488011	495	3	10.259723	74880	75375
car7494018	435	3	10.268317	74940	75375
car750000	386	3	9.574445	75000	75386
car7488012	508	3	11.806108	74880	75388
car7488043	508	3	11.805276	74880	75388
car749405	448	3	10.716403	74940	75388
car7488046	509	3	11.808887	74880	75389
car7494020	452	3	10.711405	74940	75392
car7500015	393	3	9.562752	75000	75393
car7500024	394	3	8.016943	75000	75394
car750002	394	3	8.017498	75000	75394
car749403	454	3	11.808603	74940	75394
car7500012	394	3	8.0177765	75000	75394
car749402	458	3	7.707214	74940	75398
car7494011	458	3	7.7080474	74940	75398
car749401	458	3	7.709159	74940	75398
car7500013	407	3	9.210006	75000	75407
car7488044	530	3	10.755558	74880	75410
car750602	352	3	7.66917	75060	75412
car7506016	353	3	7.672783	75060	75413
car750605	355	3	7.669182	75060	75415
car7488031	539	3	11.0825	74880	75419
car7488013	540	3	11.087223	74880	75420
car7488020	540	3	11.086668	74880	75420
car7488018	540	3	10.751376	74880	75420
car7488045	540	3	11.100004	74880	75420
car7488039	540	3	11.098613	74880	75420
car7494021	482	3	10.700002	74940	75422
car7506019	364	3	8.104728	75060	75424
car748806	545	3	11.090854	74880	75425
car749409	488	3	8.006101	74940	75428
car7494017	488	3	8.005823	74940	75428
car7494026	488	3	8.007213	74940	75428
car7494019	488	3	8.008045	74940	75428
car749408	488	3	8.008601	74940	75428
car7494015	490	3	10.972507	74940	75430
car750601	377	3	8.166109	75060	75437
car750608	381	3	7.707491	75060	75441
car7506032	381	3	8.163342	75060	75441
car7506025	382	3	8.159712	75060	75442
car7494010	502	3	11.817517	74940	75442
car750603	382	3	7.7149916	75060	75442
car7512037	323	3	7.660577	75120	75443
car7500021	449	3	10.254179	75000	75449
car7506026	391	3	9.56331	75060	75451
car7506031	396	3	8.004169	75060	75456
car7506010	396	3	8.004169	75060	75456
car7500019	456	3	7.7133317	75000	75456
car7506015	398	3	8.001937	75060	75458
car7494028	524	3	11.2950115	74940	75464
car7494024	524	3	11.293623	74940	75464
car7494029	525	3	11.290569	74940	75465
car750008	469	3	10.720271	75000	75469
car7488036	590	3	10.461081	74880	75470
car7488021	590	3	10.461358	74880	75470
car7488040	592	3	10.463578	74880	75472
car7506022	413	3	10.260555	75060	75473
car7512023	359	3	7.6711082	75120	75479
car7512016	362	3	7.6588793	75120	75482
car7500020	487	3	8.010828	75000	75487
car7500010	487	3	8.011106	75000	75487
car750004	487	3	8.012773	75000	75487
car7500014	487	3	8.013884	75000	75487
car7500011	487	3	11.098351	75000	75487
car7500016	487	3	8.014161	75000	75487
car7512029	379	3	8.155561	75120	75499
car751202	381	3	8.164996	75120	75501
car7512025	388	3	10.26137	75120	75508
car7506023	460	3	7.707501	75060	75520
car750609	460	3	7.7083344	75060	75520
car7506017	460	3	7.707779	75060	75520
car7506028	460	3	7.707779	75060	75520
car750600	461	3	10.261123	75060	75521
car7512012	402	3	8.005839	75120	75522
car7512020	402	3	8.006394	75120	75522
car7512011	402	3	8.006672	75120	75522
car7512021	403	3	8.011382	75120	75523
car7506011	464	3	10.25308	75060	75524
car7512010	404	3	8.016093	75120	75524
car7512036	406	3	9.554708	75120	75526
car751807	351	3	7.65668	75180	75531
car7494016	597	3	10.451353	74940	75537
car751203	417	3	10.25999	75120	75537
car7518036	359	3	7.670857	75180	75539
car7494012	599	3	10.458019	74940	75539
car749407	599	3	10.458852	74940	75539
car7494013	600	3	10.460796	74940	75540
car7506018	482	3	11.806703	75060	75542
car750003	546	3	12.642261	75000	75546
car7518034	368	3	8.160268	75180	75548
car7506024	488	3	10.755848	75060	75548
car7506013	490	3	8.010275	75060	75550
car750606	490	3	8.012219	75060	75550
car750607	490	3	10.760294	75060	75550
car750604	490	3	8.012774	75060	75550
car7518010	374	3	8.1619625	75180	75554
car7512024	436	3	10.25859	75120	75556
car751808	381	3	7.704979	75180	75561
car7518028	381	3	7.7041473	75180	75561
car7506020	503	3	11.094186	75060	75563
car7506014	503	3	11.806972	75060	75563
car7506021	503	3	11.0989065	75060	75563
car7518023	385	3	9.569998	75180	75565
car7518020	396	3	9.209437	75180	75576
car7512019	462	3	7.7000027	75120	75582
car751200	462	3	7.7002807	75120	75582
car7512017	462	3	7.7011137	75120	75582
car7512014	462	3	7.701669	75120	75582
car7512027	462	3	7.701391	75120	75582
car7512035	462	3	7.701669	75120	75582
car7518018	405	3	8.016377	75180	75585
car7518026	405	3	8.016377	75180	75585
car7518040	405	3	8.016377	75180	75585
car7518032	405	3	8.016377	75180	75585
car7518030	405	3	8.016655	75180	75585
car7518027	405	3	8.0174885	75180	75585
car751805	405	3	8.0174885	75180	75585
car7512015	471	3	10.253056	75120	75591
car751207	471	3	10.251111	75120	75591
car751206	471	3	10.256111	75120	75591
car7512028	471	3	10.253056	75120	75591
car7506029	532	3	11.593595	75060	75592
car750007	595	3	10.451074	75000	75595
car7512033	477	3	10.25832	75120	75597
car750005	599	3	10.450519	75000	75599
car7512034	479	3	10.263319	75120	75599
car7500017	600	3	10.451075	75000	75600
car7524013	368	3	9.218339	75240	75608
car7530023	311	3	7.66111	75300	75611
car751205	495	3	8.0002775	75120	75615
car751204	495	3	8.000556	75120	75615
car7512031	495	3	8.000556	75120	75615
car751208	496	3	8.014722	75120	75616
car751201	496	3	8.014722	75120	75616
car7512030	496	3	8.015556	75120	75616
car7512022	496	3	8.015278	75120	75616
car7512018	496	3	8.015833	75120	75616
car7518025	437	3	10.2658205	75180	75617
car7518038	437	3	10.265545	75180	75617
car752408	382	3	7.7130566	75240	75622
car7524019	382	3	7.7038984	75240	75622
car7518012	445	3	10.25526	75180	75625
car753000	332	3	7.669166	75300	75632
car7530021	332	3	7.669443	75300	75632
car7530019	332	3	7.671937	75300	75632
car753006	333	3	7.673603	75300	75633
car751802	456	3	10.258316	75180	75636
car751803	456	3	10.269179	75180	75636
car751209	518	3	11.80999	75120	75638
car7518035	458	3	10.251401	75180	75638
car752406	399	3	8.01944	75240	75639
car7524015	399	3	8.019717	75240	75639
car752402	399	3	8.019717	75240	75639
car751801	460	3	7.7069497	75180	75640
car7518039	460	3	7.707227	75180	75640
car7518011	460	3	10.260027	75180	75640
car7512032	529	3	11.597497	75120	75649
car7530020	354	3	8.166112	75300	75654
car7512026	535	3	11.591364	75120	75655
car753009	358	3	8.113895	75300	75658
car7506012	599	3	10.450221	75060	75659
car7518014	481	3	10.771694	75180	75661
car7518029	486	3	11.801396	75180	75666
car7536020	308	3	7.6619277	75360	75668
car753002	371	3	9.211126	75300	75671
car7518015	497	3	8.011954	75180	75677
car7518031	497	3	8.012788	75180	75677
car7518016	497	3	8.013066	75180	75677
car7518017	497	3	8.014177	75180	75677
car751804	497	3	8.013621	75180	75677
car7518019	497	3	8.013621	75180	75677
car751806	497	3	8.013344	75180	75677
car7518037	497	3	8.013899	75180	75677
car751809	497	3	8.013066	75180	75677
car751800	497	3	8.013065	75180	75677
car7518022	500	3	11.080283	75180	75680
car7524020	442	3	10.715016	75240	75682
car7518024	502	3	11.09585	75180	75682
car7530014	383	3	7.715292	75300	75683
car753008	383	3	7.7155695	75300	75683
car7536034	330	3	7.6594386	75360	75690
car7536024	330	3	7.6633286	75360	75690
car7530013	393	3	9.562754	75300	75693
car7530010	393	3	8.01557	75300	75693
car7536023	336	3	7.6636276	75360	75696
car753607	338	3	7.6524897	75360	75698
car7524010	459	3	7.705566	75240	75699
car7524021	459	3	7.705566	75240	75699
car7524014	459	3	7.705566	75240	75699
car752409	459	3	7.7083435	75240	75699
car752405	459	3	7.708066	75240	75699
car7518013	521	3	11.587495	75180	75701
car7518021	522	3	11.582247	75180	75702
car7536018	343	3	8.150553	75360	75703
car753608	344	3	8.175277	75360	75704
car7524011	471	3	11.096665	75240	75711
car7512013	592	3	10.451889	75120	75712
car752401	478	3	10.70226	75240	75718
car752400	487	3	8.000851	75240	75727
car7524017	487	3	8.001962	75240	75727
car752404	487	3	8.002517	75240	75727
car752403	487	3	8.001961	75240	75727
car7524012	487	3	8.002517	75240	75727
car7524016	487	3	8.002795	75240	75727
car752407	487	3	8.001128	75240	75727
car753005	433	3	10.252486	75300	75733
car7530018	435	3	10.260556	75300	75735
car7530022	439	3	10.267757	75300	75739
car753602	382	3	7.709438	75360	75742
car7536026	382	3	7.709716	75360	75742
car7536022	382	3	7.709994	75360	75742
car7536031	382	3	7.709994	75360	75742
car754201	329	3	7.66582	75420	75749
car7542025	329	3	7.6674867	75420	75749
car7536029	389	3	8.000286	75360	75749
car7536012	390	3	8.020009	75360	75750
car753001	451	3	7.7022367	75300	75751
car753609	400	3	9.560006	75360	75760
car7518033	580	3	10.455524	75180	75760
car753601	409	3	9.562763	75360	75769
car7536013	409	3	9.563318	75360	75769
car7530015	477	3	8.012521	75300	75777
car7530016	477	3	8.011687	75300	75777
car753003	477	3	8.015576	75300	75777
car7542015	360	3	8.115819	75420	75780
car7530012	493	3	11.815307	75300	75793
car7542017	375	3	7.7002654	75420	75795
car753007	495	3	11.599986	75300	75795
car7530017	495	3	11.596376	75300	75795
car754203	375	3	7.7016554	75420	75795
car7548027	315	3	7.661097	75480	75795
car7548029	316	3	7.6691504	75480	75796
car754808	320	3	7.6719704	75480	75800
car7530011	500	3	11.582203	75300	75800
car7536025	441	3	10.713341	75360	75801
car754206	382	3	9.551369	75420	75802
car754807	322	3	7.6499815	75480	75802
car754200	385	3	8.021652	75420	75805
car753600	447	3	7.71057	75360	75807
car7536017	447	3	7.710014	75360	75807
car753605	447	3	7.7105694	75360	75807
car7536014	447	3	7.7105694	75360	75807
car7536021	447	3	10.257761	75360	75807
car7524018	570	3	10.459716	75240	75810
car7542016	400	3	10.25583	75420	75820
car7536027	470	3	8.006403	75360	75830
car7536016	470	3	8.006403	75360	75830
car7536019	470	3	8.0066805	75360	75830
car7536011	470	3	8.007514	75360	75830
car753604	470	3	8.008624	75360	75830
car7536015	470	3	8.008347	75360	75830
car7536033	470	3	8.008069	75360	75830
car753606	470	3	8.008624	75360	75830
car7536030	470	3	8.008624	75360	75830
car7548017	353	3	8.163887	75480	75833
car7548015	356	3	8.17276	75480	75836
car7536028	477	3	11.087528	75360	75837
car7542021	417	3	10.259982	75420	75837
car754802	370	3	7.7011204	75480	75850
car754803	371	3	9.218895	75480	75851
car754804	371	3	9.202774	75480	75851
car7542014	433	3	10.26001	75420	75853
car7542012	434	3	10.270269	75420	75854
car7542020	438	3	7.703623	75420	75858
car754205	438	3	7.7055674	75420	75858
car7542022	438	3	7.703901	75420	75858
car7548028	380	3	8.015537	75480	75860
car753004	566	3	10.452238	75300	75866
car755403	327	3	7.6672263	75540	75867
car7542024	448	3	10.755555	75420	75868
car7548031	390	3	9.56945	75480	75870
car7542011	453	3	11.825843	75420	75873
car7548014	398	3	10.255561	75480	75878
car754208	459	3	8.011949	75420	75879
car7542018	459	3	8.012781	75420	75879
car754202	459	3	8.013615	75420	75879
car754801	400	3	9.551952	75480	75880
car7548016	401	3	10.266352	75480	75881
car7542023	463	3	10.759196	75420	75883
car7554016	353	3	8.153899	75540	75893
car755406	353	3	8.160288	75540	75893
car7542013	476	3	11.816113	75420	75896
car754204	478	3	11.821944	75420	75898
car7554022	361	3	8.105833	75540	75901
car7548030	424	3	10.269726	75480	75904
car754209	485	3	10.70222	75420	75905
car754800	427	3	10.273896	75480	75907
car7548019	428	3	7.7138925	75480	75908
car7548032	428	3	7.713615	75480	75908
car754809	428	3	7.7141705	75480	75908
car7548024	428	3	7.7141705	75480	75908
car7548033	428	3	7.7163925	75480	75908
car754207	489	3	11.595557	75420	75909
car7554023	369	3	7.717503	75540	75909
car755400	369	3	7.7177806	75540	75909
car7554017	369	3	7.7186146	75540	75909
car7554025	369	3	7.718892	75540	75909
car7542019	492	3	11.588012	75420	75912
car7542010	495	3	11.807828	75420	75915
car7536032	555	3	10.466689	75360	75915
car7554028	376	3	8.017209	75540	75916
car7536035	560	3	10.457803	75360	75920
car753603	561	3	10.462803	75360	75921
car7554026	381	3	9.207501	75540	75921
car7536010	562	3	10.470301	75360	75922
car7548011	448	3	8.002783	75480	75928
car7548023	448	3	8.004172	75480	75928
car7548026	448	3	8.005005	75480	75928
car754806	448	3	8.004727	75480	75928
car754805	448	3	8.005561	75480	75928
car7548018	448	3	8.005283	75480	75928
car7548012	448	3	8.006116	75480	75928
car7548020	461	3	10.774728	75480	75941
car7548021	468	3	11.093067	75480	75948
car755402	410	3	7.7011065	75540	75950
car755401	411	3	7.7194395	75540	75951
car7548010	472	3	11.079968	75480	75952
car7554014	429	3	8.004156	75540	75969
car7554021	429	3	8.004156	75540	75969
car755409	429	3	8.006656	75540	75969
car7554027	429	3	8.005267	75540	75969
car7554018	429	3	8.005822	75540	75969
car7554019	429	3	8.005822	75540	75969
car7554010	431	3	10.274442	75540	75971
car7554011	434	3	10.705262	75540	75974
car7548022	497	3	11.5813875	75480	75977
car7554013	452	3	10.261102	75540	75992
car7548025	512	3	11.58026	75480	75992
car7548013	514	3	10.468073	75480	75994
car7554020	463	3	11.822226	75540	76003
car7554030	465	3	11.802449	75540	76005
car755404	472	3	11.082216	75540	76012
car7554015	472	3	11.084445	75540	76012
car7554024	493	3	11.086102	75540	76033
car7554012	496	3	11.595852	75540	76036
car755407	499	3	10.461106	75540	76039
car755408	499	3	10.458328	75540	76039
car7554029	503	3	10.467772	75540	76043
car755405	514	3	11.597487	75540	76054
